date,stage_m,area_m2,depth_m
20160101,1097.47812,387404289.1,37.60957962
20160102,1097.423256,387020242,37.59208181
20160103,1097.377536,386700540.1,37.57722832
20160104,1097.31048,386231104.3,37.55583443
20160105,1097.258664,385880241.6,37.53819831
20160106,1097.206848,385545970.9,37.51891537
20160107,1097.167224,385290209.4,37.50412326
20160108,1097.1276,385034447.8,37.4893115
20160109,1097.100168,384857600.1,37.47929564
20160110,1097.08188,384739431.7,37.4725327
20160111,1097.039208,384464245.3,37.45668376
20160112,1096.993488,384169229.2,37.43953392
20160113,1096.950816,383893638,37.42367724
20160114,1096.899,383559367.4,37.40451621
20160115,1096.85328,383264351.3,37.38760757
20160116,1096.80756,382969335.2,37.37067287
20160117,1096.789272,382851166.9,37.36384304
20160118,1096.749648,382595810,37.34912597
20160119,1096.703928,382300793.9,37.33245461
20160120,1096.652112,381966118.6,37.31317338
20160121,1096.603344,381651677.6,37.29511305
20160122,1096.56372,381395916,37.28066664
20160123,1096.521048,381120729.5,37.26486378
20160124,1096.493616,380943477.1,37.2546804
20160125,1096.450944,380668290.6,37.23883996
20160126,1096.402176,380353444.9,37.22102046
20160127,1096.359504,380078258.4,37.20513106
20160128,1096.310736,379763412.7,37.18725592
20160129,1096.255872,379409312.4,37.16701974
20160130,1096.246728,379350633,37.16366452
20160131,1096.237584,379291548.8,37.16034792
20160201,1096.191864,378996532.7,37.14338426
20160202,1096.16748,378839109.9,37.13472482
20160203,1096.146144,378701516.6,37.12671989
20160204,1096.124808,378563923.4,37.11870913
20160205,1096.100424,378406500.5,37.11002953
20160206,1096.07604,378249077.7,37.1010166
20160207,1096.057752,378130909.4,37.09434345
20160208,1096.024224,377914807,37.08193676
20160209,1095.990696,377698300,37.0695556
20160210,1095.957168,377482197.7,37.05744727
20160211,1095.926688,377285520.3,37.04603323
20160212,1095.896208,377088842.9,37.0349344
20160213,1095.87792,376970674.6,37.02822
20160214,1095.868776,376911590.4,37.02486122
20160215,1095.838296,376714913.1,37.01374031
20160216,1095.81696,376577319.8,37.00597357
20160217,1095.789528,376400472,36.99583329
20160218,1095.759048,376203794.6,36.9846821
20160219,1095.722472,375967458,36.97151395
20160220,1095.716376,375928203.5,36.96914033
20160221,1095.71028,375888948.9,36.96709436
20160222,1095.6798,375692271.5,36.95591294
20160223,1095.658464,375554678.3,36.94810386
20160224,1095.643224,375456339.6,36.94266893
20160225,1095.627984,375358000.9,36.93690254
20160226,1095.612744,375259662.2,36.93146182
20160227,1095.591408,375122069,36.92363477
20160228,1095.597504,375161323.5,36.92568947
20160229,1095.576168,375023730.3,36.91818715
20160301,1095.560928,374925391.6,36.91240768
20160302,1095.551784,374866307.4,36.90901232
20160303,1095.533496,374748139.1,36.90254754
20160304,1095.524352,374689054.9,36.89914902
20160305,1095.49692,374512207.2,36.88923653
20160306,1095.490824,374472952.6,36.88684505
20160307,1095.484728,374433698.1,36.88478251
20160308,1095.463392,374295700.1,36.87696089
20160309,1095.439008,374138682,36.86804067
20160310,1095.411576,373961429.5,36.85813876
20160311,1095.393288,373843665.9,36.85127241
20160312,1095.378048,373745327.2,36.84578712
20160313,1095.365856,373666413.4,36.84135473
20160314,1095.350616,373568074.7,36.83586423
20160315,1095.317088,373351972.4,36.82381706
20160316,1095.286608,373155295,36.81248411
20160317,1095.265272,373017297.1,36.80493962
20160318,1095.240888,372860278.9,36.79595849
20160319,1095.216504,372702856,36.78700973
20160320,1095.201264,372604517.4,36.78149068
20160321,1095.170784,372407840,36.77044385
20160322,1095.134208,372171908,36.75729681
20160323,1095.103728,371975230.6,36.74622434
20160324,1095.0702,371758723.6,36.73411344
20160325,1095.051912,371640555.3,36.72753899
20160326,1095.00924,371365368.8,36.71190756
20160327,1095.000096,371306284.7,36.70877995
20160328,1094.954376,371011268.6,36.6920895
20160329,1094.94828,370972014,36.6899871
20160330,1094.905608,370696827.5,36.67463235
20160331,1094.896464,370637743.4,36.67116035
20160401,1094.85684,370381981.8,36.65685258
20160402,1094.835504,370244388.6,36.64915352
20160403,1094.814168,370106795.4,36.64144872
20160404,1094.783688,369910118,36.63058629
20160405,1094.744064,369654356.4,36.61622229
20160406,1094.716632,369477103.9,36.60641324
20160407,1094.686152,369280426.5,36.5951796
20160408,1094.655672,369083749.2,36.58426819
20160409,1094.640432,368985410.5,36.57864098
20160410,1094.634336,368946155.9,36.57651496
20160411,1094.613,368808562.7,36.56875595
20160412,1094.59776,368710224,36.56345494
20160413,1094.59776,368710224,36.56345494
20160414,1094.594712,368690394.4,36.56241045
20160415,1094.579472,368592055.7,36.5567714
20160416,1094.600808,368730053.6,36.56449932
20160417,1094.603856,368749478.5,36.56558371
20160418,1094.616048,368828392.3,36.57013419
20160419,1094.64348,369005240.1,36.58001803
20160420,1094.670912,369182087.8,36.5898924
20160421,1094.695296,369339510.7,36.59867651
20160422,1094.722728,369516763.2,36.60849293
20160423,1094.741016,369634526.8,36.6151833
20160424,1094.753208,369713440.6,36.61937867
20160425,1094.759304,369752695.1,36.62149573
20160426,1094.753208,369713440.6,36.61937867
20160427,1094.777592,369870458.7,36.62817769
20160428,1094.783688,369910118,36.63058629
20160429,1094.823312,370165474.8,36.64463728
20160430,1094.878176,370519575.1,36.66454593
20160501,1094.920848,370795166.2,36.67987547
20160502,1094.954376,371011268.6,36.6920895
20160503,1094.987904,371227775.6,36.70424929
20160504,1095.018384,371424453,36.71536628
20160505,1095.018384,371424453,36.71536628
20160506,1095.021432,371443877.9,36.71643492
20160507,1095.03972,371562046.2,36.72301638
20160508,1095.067152,371738894,36.73308662
20160509,1095.109824,372014485.2,36.74831514
20160510,1095.182976,372486349,36.77494619
20160511,1095.240888,372860278.9,36.79595849
20160512,1095.332328,373450311.1,36.82931392
20160513,1095.4512,374217191.1,36.87250172
20160514,1095.570072,374984071,36.91584181
20160515,1095.722472,375967458,36.97151395
20160516,1095.81696,376577319.8,37.00597357
20160517,1095.948024,377423113.6,37.05409762
20160518,1096.097376,378386670.9,37.10871446
20160519,1096.252824,379389887.5,37.16599661
20160520,1096.429608,380530697.3,37.23091115
20160521,1096.603344,381651677.6,37.29511305
20160522,1096.801464,382930080.6,37.36838357
20160523,1096.993488,384169229.2,37.43953392
20160524,1097.200752,385506311.7,37.51669585
20160525,1097.404968,386892361.3,37.58601583
20160526,1097.63052,388471041.4,37.65839558
20160527,1097.840832,389942884.3,37.72629226
20160528,1098.029808,391265398.2,37.78729577
20160529,1098.188304,392374642.5,37.83890983
20160530,1098.325464,393334557.7,37.88360697
20160531,1098.459576,394273024.5,37.92733412
20160601,1098.56016,394976773.5,37.96000284
20160602,1098.654648,395638030.4,37.99102395
20160603,1098.764376,396406124.4,38.02725236
20160604,1098.883248,397237754.2,38.06625757
20160605,1099.020408,398197669.4,38.11140961
20160606,1099.181952,399328362,38.16504645
20160607,1099.386168,400757713,38.23268116
20160608,1099.62696,402442825.5,38.31288749
20160609,1099.858608,404063997.6,38.39025804
20160610,1100.093304,405705808.7,38.46930979
20160611,1100.346288,407478333.4,38.55412678
20160612,1100.580984,409117311.7,38.63393767
20160613,1100.806536,410699634,38.71034305
20160614,1101.04428,412362893.4,38.7914115
20160615,1101.278976,414005918.6,38.87164287
20160616,1101.480144,415410179,38.94126246
20160617,1101.675216,416778017.7,39.00819885
20160618,1101.864192,418101340.9,39.07325226
20160619,1102.044024,419359914.4,39.13570236
20160620,1102.199472,420444472.8,39.18994528
20160621,1102.342728,421448094.1,39.23973862
20160622,1102.489032,422471949.7,39.29062525
20160623,1102.617048,423370352.6,39.33515119
20160624,1102.75116,424305177.3,39.3825038
20160625,1102.891368,425288564.3,39.43152661
20160626,1103.013288,426142451.7,39.47437478
20160627,1103.123016,426911355.1,39.51278301
20160628,1103.23884,427720727.1,39.55365549
20160629,1103.324184,428315615.5,39.58396258
20160630,1103.379048,428704114.1,39.60304603
20160701,1103.485728,429562048.4,39.63048164
20160702,1103.571072,430250014.6,39.65254619
20160703,1103.644224,430836809.3,39.67154604
20160704,1103.699088,431281963.9,39.68551102
20160705,1103.750904,431698790.5,39.69890928
20160706,1103.77224,431868758.6,39.7047063
20160707,1103.799672,432091335.9,39.71165863
20160708,1103.814912,432212741.7,39.7156294
20160709,1103.81796,432237022.9,39.71653743
20160710,1103.814912,432212741.7,39.7156294
20160711,1103.793576,432042773.6,39.70984129
20160712,1103.766144,431820196.3,39.70288725
20160713,1103.735664,431573337.8,39.69530129
20160714,1103.702136,431306245.1,39.68613672
20160715,1103.653368,430913699.7,39.67362715
20160716,1103.610696,430569716.6,39.66263753
20160717,1103.57412,430274295.8,39.65317525
20160718,1103.522304,429857469.2,39.63997519
20160719,1103.46744,429416361.5,39.62554324
20160720,1103.412576,428975253.7,39.61165669
20160721,1103.36076,428574614.6,39.59659279
20160722,1103.2998,428145647.4,39.57547663
20160723,1103.25408,427825945.5,39.55920839
20160724,1103.202264,427465774.9,39.5405997
20160725,1103.141304,427036807.8,39.51937247
20160726,1103.08644,426652356.1,39.50005269
20160727,1103.028528,426247670.1,39.47967842
20160728,1102.970616,425842984.1,39.45926544
20160729,1102.9188,425478766.7,39.44115045
20160730,1102.87308,425159064.7,39.42525941
20160731,1102.833456,424883878.3,39.41102169
20160801,1102.7664,424414442.5,39.38747761
20160802,1102.711536,424029990.8,39.36850055
20160803,1102.653624,423625304.8,39.34816567
20160804,1102.595712,423220618.8,39.3277919
20160805,1102.589616,423176103.3,39.32580782
20160806,1102.562184,422985900.9,39.31607973
20160807,1102.549992,422900916.9,39.3117303
20160808,1102.525608,422726901.9,39.30340246
20160809,1102.482936,422431481.1,39.28825736
20160810,1102.4616,422281747.3,39.28086509
20160811,1102.412832,421937764.2,39.26406839
20160812,1102.373208,421662577.7,39.25020176
20160813,1102.327488,421342875.8,39.23431464
20160814,1102.287864,421063642.4,39.22049298
20160815,1102.233,420679190.7,39.20150537
20160816,1102.175088,420274504.7,39.18143455
20160817,1102.11108,419829350.1,39.15893001
20160818,1102.056216,419444898.4,39.1398301
20160819,1102.001352,419060446.7,39.12098949
20160820,1101.946488,418675995,39.10181967
20160821,1101.903816,418376527.4,39.08705849
20160822,1101.845904,417971841.4,39.06706139
20160823,1101.797136,417631905.1,39.05012756
20160824,1101.739224,417223172.3,39.03043753
20160825,1101.678264,416798252,39.00926454
20160826,1101.629496,416458315.7,38.99223581
20160827,1101.605112,416288347.6,38.98385917
20160828,1101.565488,416009114.3,38.97029447
20160829,1101.510624,415624662.6,38.95143807
20160830,1101.458808,415264492,38.93353769
20160831,1101.41004,414920508.9,38.91706082
20160901,1101.376512,414685791.1,38.90547664
20160902,1101.342984,414451073.2,38.89387934
20160903,1101.321648,414301339.4,38.88649986
20160904,1101.28812,414066621.5,38.87517893
20160905,1101.263736,413896653.4,38.86670582
20160906,1101.22716,413641701.2,38.85398308
20160907,1101.19668,413427217.6,38.84370811
20160908,1101.157056,413152031.1,38.82987296
20160909,1101.138768,413022531.6,38.82383024
20160910,1101.102192,412767579.4,38.81135291
20160911,1101.065616,412512627.2,38.79856115
20160912,1101.022944,412213159.6,38.78425665
20160913,1100.98332,411933926.3,38.77072189
20160914,1100.940648,411634458.6,38.75637703
20160915,1100.894928,411314756.7,38.7406184
20160916,1100.852256,411019335.9,38.7258487
20160917,1100.81568,410760336.9,38.71363112
20160918,1100.779104,410505384.7,38.70131707
20160919,1100.742528,410250432.5,38.68868705
20160920,1100.712048,410035948.9,38.67824063
20160921,1100.669376,409736481.3,38.66406277
20160922,1100.623656,409416779.3,38.64846028
20160923,1100.605368,409291326.7,38.64192295
20160924,1100.620608,409396545,38.64735755
20160925,1100.614512,409352029.6,38.6455338
20160926,1100.614512,409352029.6,38.6455338
20160927,1100.620608,409396545,38.64735755
20160928,1100.605368,409291326.7,38.64192295
20160929,1100.623656,409416779.3,38.64846028
20160930,1100.611464,409331795.3,38.64412941
20161001,1100.608416,409311561,38.64302623
20161002,1100.608416,409311561,38.64302623
20161003,1100.605368,409291326.7,38.64192295
20161004,1100.593176,409206342.6,38.63789082
20161005,1100.584032,409141592.9,38.63465968
20161006,1100.574888,409076843.1,38.63172904
20161007,1100.562696,408991859,38.62769268
20161008,1100.550504,408906875,38.62335299
20161009,1100.544408,408862359.5,38.62152444
20161010,1100.535264,408797609.8,38.61858973
20161011,1100.520024,408692391.4,38.61313975
20161012,1100.507832,408607407.3,38.60909573
20161013,1100.483448,408437439.2,38.60070063
20161014,1100.462112,408287705.4,38.59340705
20161015,1100.443824,408158205.9,38.5875195
20161016,1100.422488,408008472.1,38.58021609
20161017,1100.41944,407988237.8,38.57910617
20161018,1100.392008,407798035.3,38.56957491
20161019,1100.35848,407563317.5,38.55849611
20161020,1100.337144,407413583.6,38.55117138
20161021,1100.31276,407243615.5,38.54303038
20161022,1100.294472,407114116,38.53680872
20161023,1100.285328,407049366.2,38.53384792
20161024,1100.273136,406964382.2,38.52977101
20161025,1100.273136,406964382.2,38.52977101
20161026,1100.2518,406814648.4,38.52272812
20161027,1100.239608,406729664.3,38.51834327
20161028,1100.215224,406559696.2,38.51017485
20161029,1100.20608,406494946.4,38.50720577
20161030,1100.178648,406304744,38.49760583
20161031,1100.169504,406239994.2,38.49463288
20161101,1100.154264,406134775.9,38.48942018
20161102,1100.151216,406110494.7,38.48868415
20161103,1100.14512,406070026.1,38.48644469
20161104,1100.135976,406005276.4,38.48346824
20161105,1100.132928,405985042.1,38.48234802
20161106,1100.120736,405900058,38.47824964
20161107,1100.00796,405110920.3,38.4402416
20161108,1099.828128,403850728.1,38.37998858
20161109,1099.6422,402549257.9,38.31807858
20161110,1099.456272,401248192.4,38.25603578
20161111,1099.30692,400202888.5,38.20647444
20161112,1099.282536,400032111,38.19811752
20161113,1099.270344,399947126.9,38.19420615
20161114,1099.255104,399840289.8,38.18898696
20161115,1099.242912,399754901.1,38.18511043
20161116,1099.218528,399584528.3,38.17700504
20161117,1099.203288,399477691.2,38.17208529
20161118,1099.191096,399392302.4,38.16789279
20161119,1099.181952,399328362,38.16504645
20161120,1099.175856,399285870,38.16292955
20161121,1099.160616,399179032.9,38.15769335
20161122,1099.163664,399200481.3,38.15873307
20161123,1099.136232,399008255.4,38.14991238
20161124,1099.142328,399051152.1,38.15168435
20161125,1099.13928,399029703.8,38.15064385
20161126,1099.12404,398923271.4,38.1456715
20161127,1099.102704,398773942.2,38.13861299
20161128,1099.07832,398603164.7,38.13050649
20161129,1099.072224,398560672.7,38.12869154
20161130,1099.050888,398411343.6,38.12162023
20161201,1099.00212,398069788.6,38.10537093
20161202,1098.959448,397771130.3,38.09149815
20161203,1098.919824,397493920.4,38.07834272
20161204,1098.868008,397131321.8,38.06124017
20161205,1098.831432,396875155.5,38.04913294
20161206,1098.785712,396555453.6,38.03408391
20161207,1098.703416,395979585.4,38.00716016
20161208,1098.639408,395531598,37.98596601
20161209,1098.584544,395147551,37.96825742
20161210,1098.517488,394678115.2,37.94622387
20161211,1098.477864,394400905.3,37.93317591
20161212,1098.419952,393995814.6,37.91425946
20161213,1098.352896,393526378.9,37.89241044
20161214,1098.294984,393120883.5,37.87344889
20161215,1098.246216,392779733.2,37.85766803
20161216,1098.188304,392374642.5,37.83890983
20161217,1098.151728,392118476.3,37.82682505
20161218,1098.121248,391905206.7,37.81719492
20161219,1098.063336,391499711.4,37.798392
20161220,1098.014568,391158561.1,37.78248028
20161221,1097.953608,390732022,37.76279809
20161222,1097.910936,390433363.8,37.74903439
20161223,1097.837784,389921436,37.72520406
20161224,1097.801208,389665269.7,37.71360155
20161225,1097.75244,389324119.4,37.69785738
20161226,1097.718912,389089401.6,37.68699477
20161227,1097.651856,388620370.5,37.66519096
20161228,1097.596992,388236323.5,37.64780296
20161229,1097.536032,387809784.4,37.6281424
20161230,1097.472024,387361797,37.60765505
20161231,1097.429352,387063138.8,37.59397048
20170101,1097.383632,386743032.1,37.57915953
20170102,1097.347056,386487270.6,37.56764461
20170103,1097.292192,386103223.6,37.55006352
20170104,1097.228184,385683564.2,37.52695815
20170105,1097.167224,385290209.4,37.50412326
20170106,1097.1276,385034447.8,37.4893115
20170107,1097.100168,384857600.1,37.47929564
20170108,1097.060544,384601838.5,37.46445071
20170109,1096.987392,384129569.9,37.43729825
20170110,1096.923384,383716790.2,37.41360136
20170111,1096.874616,383401944.5,37.39542361
20170112,1096.80756,382969335.2,37.37067287
20170113,1096.752696,382615234.9,37.35045361
20170114,1096.734408,382497471.3,37.34357171
20170115,1096.713072,382359473.4,37.33575803
20170116,1096.6704,382084286.9,37.3200347
20170117,1096.621632,381769441.2,37.30202515
20170118,1096.575912,381474425.1,37.2849579
20170119,1096.53324,381199238.6,37.26916139
20170120,1096.493616,380943477.1,37.2546804
20170121,1096.466184,380766629.3,37.24444796
20170122,1096.450944,380668290.6,37.23883996
20170123,1096.389984,380274935.8,37.21637898
20170124,1096.344264,379979919.7,37.19950273
20170125,1096.292448,379645649.1,37.1805966
20170126,1096.246728,379350633,37.16366452
20170127,1096.188816,378976703.1,37.14239847
20170128,1096.161384,378799855.3,37.1323861
20170129,1096.118712,378524264.2,37.1167326
20170130,1096.063848,378170568.6,37.09632438
20170131,1096.018128,377875552.5,37.07958684
20170201,1095.972408,377580536.4,37.06282315
20170202,1095.941928,377383859,37.05174174
20170203,1095.896208,377088842.9,37.0349344
20170204,1095.856584,376833081.4,37.02046381
20170205,1095.8322,376675658.5,37.01170327
20170206,1095.789528,376400472,36.99583329
20170207,1095.749904,376144710.5,36.98163756
20170208,1095.719424,375948033.1,36.97047135
20170209,1095.682848,375712101.1,36.9569172
20170210,1095.652368,375515423.7,36.94572518
20170211,1095.646272,375475764.5,36.94371433
20170212,1095.627984,375358000.9,36.93690254
20170213,1095.609696,375239832.6,36.93045501
20170214,1095.591408,375122069,36.92363477
20170215,1095.582264,375062984.8,36.92024296
20170216,1095.58836,375102239.3,36.92262718
20170217,1095.591408,375122069,36.92363477
20170218,1095.609696,375239832.6,36.93045501
20170219,1095.621888,375318746.4,36.93485009
20170220,1095.606648,375220407.7,36.92907953
20170221,1095.597504,375161323.5,36.92568947
20170222,1095.567024,374964646.1,36.91479359
20170223,1095.554832,374885732.3,36.91039014
20170224,1095.554832,374885732.3,36.91039014
20170225,1095.530448,374728714.2,36.90149798
20170226,1095.5274,374708884.6,36.90015897
20170227,1095.536544,374767968.7,36.90355715
20170228,1095.551784,374866307.4,36.90901232
20170301,1095.536544,374767968.7,36.90355715
20170302,1095.521304,374669630,36.89809912
20170303,1095.509112,374590716.2,36.89368868
20170304,1095.49692,374512207.2,36.88923653
20170305,1095.469488,374335359.4,36.87898515
20170306,1095.475584,374374613.9,36.88137833
20170307,1095.457296,374256445.6,36.87489633
20170308,1095.448152,374197361.4,36.87148898
20170309,1095.43596,374118852.4,36.86702748
20170310,1095.423768,374040343.3,36.86256412
20170311,1095.42072,374020513.7,36.86155037
20170312,1095.43596,374118852.4,36.86702748
20170313,1095.42072,374020513.7,36.86155037
20170314,1095.411576,373961429.5,36.85813876
20170315,1095.40548,373922175,36.8557405
20170316,1095.414624,373981259.1,36.85915285
20170317,1095.429864,374079597.8,36.86463117
20170318,1095.4512,374217191.1,36.87250172
20170319,1095.487776,374453123,36.88583377
20170320,1095.509112,374590716.2,36.89368868
20170321,1095.530448,374728714.2,36.90149798
20170322,1095.563976,374944816.5,36.91345613
20170323,1095.6036,375200578,36.92807249
20170324,1095.673704,375653017,36.95353595
20170325,1095.722472,375967458,36.97151395
20170326,1095.783432,376360812.8,36.99383245
20170327,1095.838296,376714913.1,37.01374031
20170328,1095.874872,376950845,37.02722285
20170329,1095.929736,377304945.2,37.04739516
20170330,1095.987648,377678875.1,37.06852282
20170331,1096.033368,377973891.2,37.0852777
20170401,1096.094328,378367246,37.10768557
20170402,1096.16748,378839109.9,37.13472482
20170403,1096.246728,379350633,37.16366452
20170404,1096.322928,379842326.5,37.19187004
20170405,1096.408272,380392699.4,37.22334047
20170406,1096.484472,380884392.9,37.25139178
20170407,1096.557624,381356661.5,37.27835863
20170408,1096.612488,381710761.7,37.29838829
20170409,1096.713072,382359473.4,37.33575803
20170410,1096.770984,382733403.2,37.35729178
20170411,1096.825848,383087503.5,37.37749848
20170412,1096.895952,383539537.8,37.40355565
20170413,1096.956912,383932892.5,37.42595515
20170414,1097.014824,384306822.4,37.44763393
20170415,1097.094072,384817940.8,37.47706806
20170416,1097.179416,385368718.5,37.50864571
20170417,1097.255616,385860412,37.53693072
20170418,1097.344008,386465822.2,37.56653788
20170419,1097.4324,387084182.4,37.59479463
20170420,1097.545176,387873724.8,37.63116177
20170421,1097.648808,388598922.1,37.6644131
20170422,1097.749392,389302671.1,37.69676588
20170423,1097.85912,390070765.1,37.73226481
20170424,1097.987136,390966739.9,37.77356956
20170425,1098.084672,391649040.5,37.80508145
20170426,1098.185256,392353194.2,37.83783453
20170427,1098.25536,392843673.6,37.86061184
20170428,1098.325464,393334557.7,37.88360697
20170429,1098.426048,394038306.7,37.91643159
20170430,1098.541872,394848892.7,37.95417826
20170501,1098.624168,395424760.9,37.98125615
20170502,1098.71256,396043525.8,38.01005606
20170503,1098.782664,396534005.2,38.0330305
20170504,1098.84972,397003441,38.05516911
20170505,1098.916776,397472472.1,38.07729419
20170506,1098.980784,397920459.5,38.09828216
20170507,1099.0326,398283058.1,38.1156268
20170508,1099.151472,399115092.5,38.15484386
20170509,1099.252056,399818841.5,38.18825903
20170510,1099.389216,400778756.7,38.23375139
20170511,1099.541616,401845509,38.28450389
20170512,1099.68792,402869364.5,38.33325218
20170513,1099.85556,404042549.3,38.38924311
20170514,1100.0232,405216138.7,38.44548024
20170515,1100.196936,406430196.7,38.50423575
20170516,1100.382864,407733285.6,38.56662428
20170517,1100.614512,409352029.6,38.6455338
20170518,1100.803488,410675352.8,38.70962825
20170519,1101.001608,412063425.8,38.77679726
20170520,1101.202776,413471733.1,38.84579087
20170521,1101.403944,414880040.3,38.91461339
20170522,1101.571584,416053629.7,38.97235076
20170523,1101.73008,417162469.4,39.02695081
20170524,1101.879432,418206559.3,39.07875881
20170525,1102.05012,419400383,39.13780821
20170526,1102.184232,420339254.5,39.18449589
20170527,1102.357968,421553312.5,39.24515989
20170528,1102.540848,422836167.1,39.308707
20170529,1102.732872,424179724.6,39.37583143
20170530,1102.909656,425418063.8,39.43779001
20170531,1103.098632,426737340.1,39.50461542
20170601,1103.257128,427846179.8,39.5605088
20170602,1103.418672,429023816,39.61321063
20170603,1103.580216,430322858.1,39.65471981
20170604,1103.747856,431674509.3,39.69799912
20170605,1103.921592,433070676,39.74347416
20170606,1104.098376,434495170.8,39.78975336
20170607,1104.293448,436065352.4,39.84109035
20170608,1104.497664,437708377.6,39.89556506
20170609,1104.714072,439448527.4,39.95343385
20170610,1104.933528,441217005.2,40.01219115
20170611,1105.171272,443131170,40.07679035
20170612,1105.381584,444822757.5,40.13429873
20170613,1105.619328,446736922.3,40.19950998
20170614,1105.835736,448477072.1,40.25943503
20170615,1106.039952,450124144.1,40.31599881
20170616,1106.228928,451645763.4,40.36888951
20170617,1106.40876,453090492.5,40.41957305
20170618,1106.567256,454365253.4,40.46444134
20170619,1106.69832,455421483.8,40.50168301
20170620,1106.829384,456477714.3,40.53875233
20170621,1106.97264,457631069.4,40.57970718
20170622,1107.112848,458760143.3,40.61991734
20170623,1107.250008,459860889.2,40.65975247
20170624,1107.371928,460844276.2,40.69477313
20170625,1107.496896,461851944.4,40.73070821
20170626,1107.591384,462608707.2,40.75846754
20170627,1107.685872,463369516.9,40.78604619
20170628,1107.774264,464081764.2,40.81169206
20170629,1107.862656,464794011.6,40.83752472
20170630,1107.914472,465210838.2,40.85263764
20170701,1107.969336,465651945.9,40.86877119
20170702,1108.015056,466020210.2,40.88226566
20170703,1108.045536,466267068.6,40.89104365
20170704,1108.08516,466586770.6,40.90267976
20170705,1108.109544,466781019.8,40.90996947
20170706,1108.140024,467027878.3,40.91898263
20170707,1108.140024,467027878.3,40.91898263
20170708,1108.164408,467222127.6,40.92625868
20170709,1108.167456,467246408.7,40.92703577
20170710,1108.173552,467294971.1,40.92911762
20170711,1108.19184,467444704.9,40.93421457
20170712,1108.173552,467294971.1,40.92911762
20170713,1108.1766,467319252.2,40.92989444
20170714,1108.16136,467197846.4,40.9252175
20170715,1108.155264,467149284.1,40.92339885
20170716,1108.152216,467125002.9,40.92262141
20170717,1108.118688,466853863.3,40.91283366
20170718,1108.103448,466732457.5,40.90814761
20170719,1108.072968,466485599.1,40.89938743
20170720,1108.072968,466485599.1,40.89938743
20170721,1108.060776,466388474.4,40.89573882
20170722,1108.005912,465947366.7,40.87939158
20170723,1107.981528,465749070.5,40.8724312
20170724,1107.957144,465554821.3,40.86510966
20170725,1107.951048,465506258.9,40.86327832
20170726,1107.938856,465409134.3,40.8596145
20170727,1107.914472,465210838.2,40.85263764
20170728,1107.899232,465089432.4,40.84818454
20170729,1107.893136,465040870,40.8463496
20170730,1107.874848,464891136.2,40.841198
20170731,1107.853512,464721168.1,40.83463603
20170801,1107.832176,464547153.1,40.82869045
20170802,1107.81084,464377185,40.82238467
20170803,1107.786456,464178888.9,40.81537639
20170804,1107.743784,463838952.6,40.80247449
20170805,1107.713304,463592094.2,40.79386943
20170806,1107.691968,463422126,40.78753788
20170807,1107.670632,463248111.1,40.78155794
20170808,1107.631008,462928409.1,40.77002071
20170809,1107.591384,462608707.2,40.75846754
20170810,1107.557856,462341614.4,40.74839803
20170811,1107.509088,461949069,40.73442735
20170812,1107.4908,461799335.2,40.72920498
20170813,1107.46032,461556523.6,40.72016567
20170814,1107.420696,461236821.6,40.70881101
20170815,1107.390216,460989963.2,40.70010723
20170816,1107.350592,460670261.2,40.68872468
20170817,1107.310968,460354606.2,40.67696874
20170818,1107.271344,460034904.2,40.66555439
20170819,1107.234768,459739483.4,40.65519662
20170820,1107.189048,459371219.2,40.64187264
20170821,1107.158568,459128407.6,40.633008
20170822,1107.103704,458683253,40.61758337
20170823,1107.04884,458242145.2,40.6017702
20170824,1107.00312,457873881,40.58862907
20170825,1106.9574,457505616.7,40.5757364
20170826,1106.914728,457165680.5,40.5630076
20170827,1106.878152,456870259.7,40.55278845
20170828,1106.832432,456501995.4,40.53956832
20170829,1106.783664,456109450,40.52577992
20170830,1106.740992,455765466.9,40.51360524
20170831,1106.692224,455372921.5,40.49977216
20170901,1106.655648,455077500.7,40.4894717
20170902,1106.62212,454810408,40.4798911
20170903,1106.597736,454612111.8,40.4731286
20170904,1106.573352,454417862.5,40.46599982
20170905,1106.533728,454098160.6,40.45483098
20170906,1106.497152,453802739.8,40.44447233
20170907,1106.45448,453458756.7,40.43244606
20170908,1106.427048,453240226.3,40.42472591
20170909,1106.399616,453017649,40.41708709
20170910,1106.390472,452944805.5,40.41432801
20170911,1106.356944,452673665.9,40.40501914
20170912,1106.329512,452455135.4,40.39699974
20170913,1106.30208,452232558.1,40.38960676
20170914,1106.274648,452009980.8,40.38193362
20170915,1106.283792,452086871.2,40.38434212
20170916,1106.259408,451888575,40.37749693
20170917,1106.231976,451670044.6,40.36972336
20170918,1106.198448,451398905,40.36036142
20170919,1106.174064,451200608.8,40.35376863
20170920,1106.143584,450957797.2,40.34513531
20170921,1106.1192,450759501.1,40.33825573
20170922,1106.079576,450439799.2,40.32745319
20170923,1106.049096,450196987.6,40.3185171
20170924,1106.039952,450124144.1,40.31599881
20170925,1106.006424,449853004.5,40.3068465
20170926,1105.978992,449630427.2,40.29936611
20170927,1105.960704,449484740.2,40.29404174
20170928,1105.93632,449290490.9,40.28702872
20170929,1105.92108,449165038.3,40.28317707
20170930,1105.908888,449067913.6,40.27952914
20171001,1105.939368,449314772.1,40.28787137
20171002,1105.911936,449092194.8,40.28037261
20171003,1105.902792,449019351.3,40.27784193
20171004,1105.887552,448893898.6,40.27398539
20171005,1105.878408,448821055.2,40.27117774
20171006,1105.878408,448821055.2,40.27117774
20171007,1105.869264,448748211.7,40.26864404
20171008,1105.902792,449019351.3,40.27784193
20171009,1105.872312,448772492.8,40.2694887
20171010,1105.850976,448602524.7,40.26357418
20171011,1105.835736,448477072.1,40.25943503
20171012,1105.835736,448477072.1,40.25943503
20171013,1105.817448,448331385.1,40.25435911
20171014,1105.82964,448428509.7,40.25774342
20171015,1105.820496,448355666.3,40.25520533
20171016,1105.802208,448209979.3,40.24985146
20171017,1105.786968,448084526.6,40.24598011
20171018,1105.76868,447938839.7,40.24089537
20171019,1105.750392,447793152.7,40.23553186
20171020,1105.7382,447691981.2,40.2325016
20171021,1105.704672,447424888.5,40.22288514
20171022,1105.69248,447323717,40.21984952
20171023,1105.680288,447226592.3,40.21644862
20171024,1105.652856,447008061.9,40.20851525
20171025,1105.634568,446858328.1,40.20377013
20171026,1105.619328,446736922.3,40.19950998
20171027,1105.60104,446591235.3,40.19439473
20171028,1105.582752,446441501.5,40.18936416
20171029,1105.57056,446344376.8,40.1859499
20171030,1105.561416,446271533.4,40.18338824
20171031,1105.537032,446073237.2,40.17691752
20171101,1105.506552,445830425.6,40.16836526
20171102,1105.497408,445753535.3,40.16616242
20171103,1105.476072,445583567.2,40.16016841
20171104,1105.454736,445413599,40.15416984
20171105,1105.439496,445288146.4,40.15024723
20171106,1105.412064,445069615.9,40.14252394
20171107,1105.409016,445045334.8,40.14166533
20171108,1105.37244,444749914,40.13171984
20171109,1105.345008,444527336.7,40.12434337
20171110,1105.329768,444405930.9,40.12003917
20171111,1105.32672,444381649.7,40.11917805
20171112,1105.320624,444333087.4,40.11745552
20171113,1105.287096,444061947.8,40.10834041
20171114,1105.271856,443940542,40.10402732
20171115,1105.244424,443717964.7,40.09690149
20171116,1105.223088,443547996.6,40.09085344
20171117,1105.198704,443349700.4,40.08430158
20171118,1105.183464,443228294.6,40.08025328
20171119,1105.156032,443009764.2,40.07245955
20171120,1105.140792,442884311.5,40.0684925
20171121,1105.116408,442690062.3,40.06183321
20171122,1105.09812,442540328.4,40.05699217
20171123,1105.092024,442491766.1,40.05525565
20171124,1105.070688,442321798,40.0494537
20171125,1105.06764,442297516.8,40.04858464
20171126,1105.061544,442248954.5,40.04684625
20171127,1105.028016,441977814.9,40.03792391
20171128,1105.024968,441953533.7,40.03705355
20171129,1105.012776,441856409.1,40.03357113
20171130,1104.988392,441658113,40.02724775
20171201,1104.96096,441439582.5,40.01967948
20171202,1104.936576,441241286.4,40.01306434
20171203,1104.921336,441119880.6,40.00897707
20171204,1104.88476,440824459.8,39.99913391
20171205,1104.863424,440654491.7,39.99328836
20171206,1104.845136,440504757.9,39.98868166
20171207,1104.817704,440286227.4,39.98107443
20171208,1104.79332,440087931.3,39.97470483
20171209,1104.775032,439942244.3,39.96943783
20171210,1104.750648,439743948.2,39.963058
20171211,1104.726264,439549698.9,39.95630455
20171212,1104.698832,439327121.6,39.94931342
20171213,1104.659208,439007419.7,39.93878924
20171214,1104.647016,438910295,39.9352617
20171215,1104.613488,438639155.4,39.92648369
20171216,1104.592152,438469187.3,39.92058084
20171217,1104.570816,438299219.2,39.91467341
20171218,1104.540336,438052360.7,39.90675584
20171219,1104.506808,437781221.1,39.89794297
20171220,1104.467184,437461519.1,39.88734405
20171221,1104.467184,437461519.1,39.88734405
20171222,1104.430608,437170145.2,39.87753149
20171223,1104.418416,437068973.7,39.87462693
20171224,1104.403176,436947567.9,39.87046217
20171225,1104.378792,436753318.6,39.86362429
20171226,1104.3666,436652147.1,39.86071373
20171227,1104.339168,436433616.7,39.85325789
20171228,1104.311736,436211039.4,39.84616425
20171229,1104.284304,435992509,39.83869358
20171230,1104.253824,435745650.5,39.83069106
20171231,1104.24468,435672807,39.82829079
20180101,1104.211152,435401667.4,39.81966419
20180102,1104.180672,435158855.8,39.81126977
20180103,1104.144096,434863435,39.80172467
20180104,1104.10752,434568014.2,39.79216659
20180105,1104.070944,434272593.5,39.7825955
20180106,1104.043512,434054063,39.77534364
20180107,1104.01608,433831485.7,39.76817112
20180108,1103.988648,433612955.3,39.76090461
20180109,1103.945976,433268972.2,39.74976806
20180110,1103.912448,432997832.6,39.7410444
20180111,1103.872824,432678130.6,39.73078254
20180112,1103.851488,432508162.5,39.72500661
20180113,1103.821008,432261304,39.71716001
20180114,1103.784432,431965883.3,39.70777207
20180115,1103.744808,431650228.2,39.69737462
20180116,1103.705184,431330526.2,39.68704833
20180117,1103.659464,430962262,39.6751671
20180118,1103.616792,430618278.9,39.66417996
20180119,1103.580216,430322858.1,39.65471981
20180120,1103.534496,429954593.8,39.64306993
20180121,1103.516208,429808906.9,39.63814032
20180122,1103.476584,429489204.9,39.62801286
20180123,1103.433912,429145221.8,39.61723763
20180124,1103.400384,428878129.1,39.60826017
20180125,1103.348568,428489630.5,39.59235572
20180126,1103.324184,428315615.5,39.58396258
20180127,1103.28456,428040429.1,39.56993188
20180128,1103.25408,427825945.5,39.55920839
20180129,1103.205312,427486009.2,39.54190208
20180130,1103.159592,427166307.3,39.52587235
20180131,1103.113872,426846605.4,39.50952963
20180201,1103.08644,426652356.1,39.50005269
20180202,1103.052912,426417638.2,39.48824032
20180203,1103.022432,426207201.5,39.47734946
20180204,1102.991952,425992717.9,39.46682276
20180205,1102.96452,425798468.6,39.45730733
20180206,1102.927944,425543516.4,39.44442469
20180207,1102.894416,425308798.6,39.43255084
20180208,1102.85784,425053846.4,39.41963851
20180209,1102.824312,424819128.5,39.40802763
20180210,1102.793832,424604644.9,39.3974315
20180211,1102.754208,424329458.4,39.38315713
20180212,1102.732872,424179724.6,39.37583143
20180213,1102.714584,424050225.1,39.36953082
20180214,1102.665816,423710288.9,39.35250035
20180215,1102.656672,423645539.1,39.3491979
20180216,1102.601808,423261087.4,39.3301516
20180217,1102.559136,422961619.8,39.31512884
20180218,1102.513416,422641917.8,39.29933967
20180219,1102.495128,422516465.2,39.29261634
20180220,1102.455504,422237231.8,39.27887165
20180221,1102.418928,421982279.6,39.2660648
20180222,1102.382352,421727327.5,39.25324246
20180223,1102.33968,421427859.8,39.23840307
20180224,1102.3092,421213376.2,39.2279281
20180225,1102.284816,421043408.1,39.21944824
20180226,1102.245192,420764174.8,39.20590003
20180227,1102.193376,420404004.2,39.18755628
20180228,1102.162896,420189520.7,39.17702983
20180301,1102.132416,419975037.1,39.16649262
20180302,1102.089744,419679616.3,39.15144575
20180303,1102.056216,419444898.4,39.1398301
20180304,1102.028784,419250649.1,39.13060297
20180305,1102.001352,419060446.7,39.12098949
20180306,1101.95868,418760979.1,39.10625557
20180307,1101.916008,418461511.4,39.09150057
20180308,1101.876384,418186325,39.07740511
20180309,1101.83676,417907091.6,39.06396452
20180310,1101.80628,417692608,39.05360699
20180311,1101.794088,417607624,39.04944439
20180312,1101.739224,417223172.3,39.03043753
20180313,1101.708744,417012735.6,39.0196671
20180314,1101.647784,416583768.4,38.99885128
20180315,1101.617304,416373331.7,38.98804834
20180316,1101.568536,416029348.6,38.97136397
20180317,1101.528912,415754162.1,38.9576999
20180318,1101.50148,415559912.8,38.94830569
20180319,1101.467952,415325194.9,38.936757
20180320,1101.42528,415029774.2,38.92197243
20180321,1101.373464,414665556.8,38.90440046
20180322,1101.346032,414475354.3,38.89457683
20180323,1101.312504,414240636.5,38.88326523
20180324,1101.27288,413961403.1,38.86986354
20180325,1101.236304,413706450.9,38.85714475
20180326,1101.21192,413536482.8,38.84865684
20180327,1101.163152,413192499.7,38.83233892
20180328,1101.129624,412957781.8,38.82095681
20180329,1101.096096,412723064,38.80926289
20180330,1101.04428,412362893.4,38.7914115
20180331,1101.007704,412103894.4,38.77927495
20180401,1100.986368,411958207.4,38.77173032
20180402,1100.96808,411828707.9,38.76535229
20180403,1100.934552,411593990,38.75419395
20180404,1100.897976,411339037.8,38.74163013
20180405,1100.864448,411104320,38.73014491
20180406,1100.83092,410869602.1,38.71864657
20180407,1100.81568,410760336.9,38.71363112
20180408,1100.794344,410610603,38.70641999
20180409,1100.757768,410355650.9,38.69409696
20180410,1100.721192,410100698.7,38.68145784
20180411,1100.687664,409865980.8,38.66990347
20180412,1100.64804,409586747.5,38.65681549
20180413,1100.61756,409376310.7,38.64625471
20180414,1100.599272,409246811.2,38.64009814
20180415,1100.584032,409141592.9,38.63465968
20180416,1100.562696,408991859,38.62769268
20180417,1100.535264,408797609.8,38.61858973
20180418,1100.498688,408542657.6,38.60615721
20180419,1100.468208,408328174,38.59592583
20180420,1100.437728,408117737.3,38.58530108
20180421,1100.407248,407903253.7,38.57504807
20180422,1100.395056,407818269.6,38.57098828
20180423,1100.367624,407628067.2,38.56144926
20180424,1100.34324,407454052.2,38.55339702
20180425,1100.291424,407093881.7,38.5356942
20180426,1100.263992,406899632.4,38.52680801
20180427,1100.224368,406624445.9,38.51314299
20180428,1100.187792,406369493.8,38.50088136
20180429,1100.181696,406324978.3,38.49872441
20180430,1100.142072,406045745,38.48570836
20180501,1100.111592,405835308.2,38.47527064
20180502,1100.090256,405685574.4,38.46788399
20180503,1100.096352,405726043,38.47043144
20180504,1100.093304,405705808.7,38.46930979
20180505,1100.11464,405855542.5,38.47639163
20180506,1100.135976,406005276.4,38.48346824
20180507,1100.142072,406045745,38.48570836
20180508,1100.14512,406070026.1,38.48644469
20180509,1100.12988,405960760.9,38.48161129
20180510,1100.12988,405960760.9,38.48161129
20180511,1100.11464,405855542.5,38.47639163
20180512,1100.117688,405875776.8,38.47751251
20180513,1100.14512,406070026.1,38.48644469
20180514,1100.172552,406260228.5,38.49575179
20180515,1100.209128,406515180.7,38.50832336
20180516,1100.239608,406729664.3,38.51834327
20180517,1100.276184,406984616.5,38.53088618
20180518,1100.321904,407304318.4,38.54637129
20180519,1100.382864,407733285.6,38.56662428
20180520,1100.43468,408093456.1,38.58457432
20180521,1100.471256,408352455.2,38.59665149
20180522,1100.4804,408417204.9,38.59959288
20180523,1100.513928,408651922.8,38.61092677
20180524,1100.538312,408821890.9,38.61931321
20180525,1100.550504,408906875,38.62335299
20180526,1100.58708,409161827.2,38.63576373
20180527,1100.6328,409481529.1,38.65138584
20180528,1100.672424,409760762.4,38.6647819
20180529,1100.730336,410165448.4,38.68437331
20180530,1100.766912,410420400.6,38.69700863
20180531,1100.797392,410634884.2,38.70713508
20180601,1100.837016,410910070.7,38.720837
20180602,1100.867496,411124554.3,38.73123899
20180603,1100.913216,411444256.2,38.74671239
20180604,1100.931504,411573755.7,38.75280254
20180605,1100.958936,411763958.1,38.76246133
20180606,1100.971128,411848942.2,38.76674221
20180607,1100.971128,411848942.2,38.76674221
20180608,1100.980272,411913692,38.7696319
20180609,1100.992464,411998676,38.77390975
20180610,1101.0138,412148409.8,38.78107208
20180611,1100.99856,412043191.5,38.77570791
20180612,1100.977224,411893457.7,38.7685418
20180613,1100.943696,411658739.8,38.7570874
20180614,1100.934552,411593990,38.75419395
20180615,1100.888832,411274288.1,38.73843207
20180616,1100.87664,411189304,38.73413936
20180617,1100.852256,411019335.9,38.7258487
20180618,1100.809584,410719868.3,38.71143918
20180619,1100.782152,410525619,38.70241417
20180620,1100.73948,410230198.2,38.68758854
20180621,1100.690712,409886215.1,38.67130476
20180622,1100.660232,409675778.4,38.66045805
20180623,1100.641944,409546278.9,38.65461165
20180624,1100.623656,409416779.3,38.64846028
20180625,1100.565744,409012093.3,38.62879748
20180626,1100.516976,408672157.1,38.61203331
20180627,1100.468208,408328174,38.59592583
20180628,1100.410296,407923488,38.57615843
20180629,1100.349336,407498567.7,38.55523933
20180630,1100.321904,407304318.4,38.54637129
20180701,1100.270088,406944147.9,38.52865573
20180702,1100.199984,406454477.8,38.50497028
20180703,1100.139024,406025510.7,38.48458836
20180704,1100.093304,405705808.7,38.46930979
20180705,1100.026248,405236373,38.44660443
20180706,1099.959192,404766937.2,38.42415114
20180707,1099.913472,404447639.9,38.40873883
20180708,1099.864704,404106489.6,38.39232601
20180709,1099.791552,403594561.9,38.36797961
20180710,1099.724496,403125126.1,38.34534332
20180711,1099.65744,402656095,38.32292206
20180712,1099.590384,402186659.3,38.30079375
20180713,1099.52028,401696179.8,38.27724127
20180714,1099.480656,401418969.9,38.26403546
20180715,1099.42884,401056371.3,38.24696061
20180716,1099.358736,400565487.1,38.22362231
20180717,1099.297776,400149469.9,38.2038685
20180718,1099.239864,399733452.7,38.18407356
20180719,1099.172808,399264421.7,38.16189027
20180720,1099.111848,398837882.6,38.14177678
20180721,1099.07832,398603164.7,38.13050649
20180722,1099.0326,398283058.1,38.1156268
20180723,1098.965544,397814027,38.09328193
20180724,1098.898488,397344591.3,38.07123351
20180725,1098.81924,396790171.5,38.04515854
20180726,1098.752184,396320735.7,38.02299616
20180727,1098.68208,395830256.3,37.9999969
20180728,1098.630264,395467252.9,37.98310134
20180729,1098.578448,395105059,37.96609696
20180730,1098.511392,394635623.2,37.94405846
20180731,1098.43824,394123695.4,37.92042256
20180801,1098.365088,393611767.6,37.89641181
20180802,1098.28584,393056943.1,37.87050924
20180803,1098.212688,392545015.3,37.84668237
20180804,1098.166968,392225313.4,37.83193115
20180805,1098.109056,391809296.2,37.81260022
20180806,1098.048096,391393279,37.7932282
20180807,1097.971896,390859902.8,37.76874664
20180808,1097.895696,390326526.7,37.74388215
20180809,1097.819496,389793555.2,37.71922691
20180810,1097.749392,389302671.1,37.69676588
20180811,1097.685384,388854683.7,37.67611904
20180812,1097.639664,388534981.7,37.66140484
20180813,1097.55432,387937665.2,37.63386218
20180814,1097.496408,387532169.8,37.61531152
20180815,1097.41716,386977750,37.59015341
20180816,1097.334864,386401881.8,37.56381603
20180817,1097.252568,385840987,37.53594332
20180818,1097.212944,385585225.5,37.52117382
20180819,1097.161128,385250954.9,37.50186135
20180820,1097.078832,384719602.1,37.47125797
20180821,1097.017872,384326247.3,37.44862974
20180822,1096.956912,383932892.5,37.42595515
20180823,1096.889856,383500283.2,37.40127311
20180824,1096.834992,383146183,37.38078822
20180825,1096.774032,382759707.8,37.35859157
20180826,1096.71612,382372828,37.33638957
20180827,1096.65516,381985948.2,37.31446551
20180828,1096.591152,381572763.8,37.29054216
20180829,1096.524096,381140154.5,37.26587722
20180830,1096.450944,380668290.6,37.23883996
20180831,1096.402176,380353444.9,37.22102046
20180901,1096.341216,379960090.1,37.19852242
20180902,1096.316832,379802667.2,37.18958303
20180903,1096.271112,379507651.1,37.17266495
20180904,1096.222344,379193210.1,37.1546963
20180905,1096.173576,378878364.4,37.13673749
20180906,1096.133952,378622602.9,37.12240407
20180907,1096.088232,378327586.8,37.10538083
20180908,1096.042512,378032570.7,37.08865731
20180909,1095.996792,377737554.6,37.07190766
20180910,1095.944976,377403283.9,37.05277619
20180911,1095.896208,377088842.9,37.0349344
20180912,1095.838296,376714913.1,37.01374031
20180913,1095.78648,376380642.4,36.99483292
20180914,1095.734664,376046371.8,36.97589191
20180915,1095.682848,375712101.1,36.9569172
20180916,1095.640176,375436510,36.9413347
20180917,1095.591408,375122069,36.92363477
20180918,1095.539592,374787393.6,36.9046065
20180919,1095.493872,374492377.5,36.88822547
20180920,1095.442056,374151631.9,36.86874266
20180921,1095.387192,373810886.3,36.8495543
20180922,1095.335376,373469736,36.83037083
20180923,1095.289656,373174719.9,36.81387327
20180924,1095.240888,372860278.9,36.79595849
20180925,1095.186024,372506178.7,36.77596873
20180926,1095.125064,372112823.9,36.7538517
20180927,1095.073248,371778553.2,36.73514015
20180928,1095.018384,371424453,36.71536628
20180929,1094.96352,371070352.7,36.69555467
20180930,1094.923896,370824303.6,36.68165021
20181001,1094.88732,370578659.2,36.6680201
20181002,1094.853792,370362152.2,36.65581781
20181003,1094.814168,370106795.4,36.64144872
20181004,1094.774544,369851033.8,36.62709987
20181005,1094.753208,369713440.6,36.61937867
20181006,1094.731872,369575442.6,36.61169181
20181007,1094.753208,369713440.6,36.61937867
20181008,1094.777592,369870458.7,36.62817769
20181009,1094.78064,369890288.3,36.62921532
20181010,1094.79588,369988627,36.63481532
20181011,1094.829408,370205134.1,36.6470422
20181012,1094.81112,370086965.7,36.64041235
20181013,1094.805024,370047711.2,36.63829922
20181014,1094.801976,370027881.6,36.63692917
20181015,1094.762352,369772120,36.62290771
20181016,1094.731872,369575442.6,36.61169181
20181017,1094.722728,369516763.2,36.60849293
20181018,1094.716632,369477103.9,36.60641324
20181019,1094.6892,369300256.2,36.59622066
20181020,1094.67396,369201917.5,36.59093403
20181021,1094.664816,369142833.3,36.58743457
20181022,1094.655672,369083749.2,36.58426819
20181023,1094.609952,368788733.1,36.56771202
20181024,1094.58252,368611885.3,36.55781647
20181025,1094.558136,368454462.4,36.54899756
20181026,1094.524608,368238360.1,36.53694972
20181027,1094.49108,368021853.1,36.5249279
20181028,1094.469744,367884259.8,36.51746538
20181029,1094.436216,367667752.8,36.50542051
20181030,1094.405736,367471075.4,36.49441317
20181031,1094.372208,367254973.1,36.48230095
20181101,1094.366112,367215313.9,36.48019482
20181102,1094.347824,367097550.3,36.47341706
20181103,1094.332584,366999211.6,36.46806579
20181104,1094.314296,366881043.3,36.46165657
20181105,1094.18628,366055079.1,36.41554447
20181106,1093.954632,364560169,36.33276317
20181107,1093.732128,363124747.8,36.25355219
20181108,1093.625448,362436376.9,36.21554447
20181109,1093.59192,362219869.9,36.20381903
20181110,1093.573632,362101701.6,36.19723898
20181111,1093.552296,361964108.4,36.18952985
20181112,1093.53096,361826515.1,36.18215576
20181113,1093.509624,361688921.9,36.17443503
20181114,1093.494384,361590583.2,36.16926353
20181115,1093.476096,361472414.9,36.16266072
20181116,1093.457808,361354651.2,36.15601311
20181117,1093.442568,361256312.5,36.15083181
20181118,1093.42428,361138144.2,36.14421687
20181119,1093.402944,361000551,36.13680863
20181120,1093.381608,360862957.7,36.12905294
20181121,1093.360272,360724959.8,36.12167379
20181122,1093.338936,360587366.6,36.1139064
20181123,1093.311504,360410518.8,36.10424748
20181124,1093.284072,360233266.3,36.09461962
20181125,1093.268832,360134927.6,36.08940543
20181126,1093.244448,359977909.5,36.08047609
20181127,1093.220064,359820486.6,36.07192234
20181128,1093.198728,359682893.4,36.06445931
20181129,1093.189584,359623809.2,36.06112372
20181130,1093.1652,359466386.4,36.05255306
20181201,1093.137768,359289538.6,36.04283381
20181202,1093.085952,358954863.3,36.02489408
20181203,1093.049376,358718931.3,36.01179521
20181204,1092.994512,358364831.1,35.99265118
20181205,1092.948792,358069815,35.97648988
20181206,1092.896976,357735544.3,35.95838624
20181207,1092.84516,357401273.7,35.93990361
20181208,1092.79944,357106257.6,35.92400054
20181209,1092.765912,356889750.6,35.91226875
20181210,1092.720192,356594734.5,35.89632
20181211,1092.67752,356319548,35.88111744
20181212,1092.61656,355926193.2,35.85977807
20181213,1092.558648,355552668.1,35.83951501
20181214,1092.512928,355257652,35.82379303
20181215,1092.4794,355041145,35.81193904
20181216,1092.430632,354726299.2,35.79504296
20181217,1092.384912,354431283.1,35.77889929
20181218,1092.333096,354097012.5,35.76111979
20181219,1092.287376,353801996.4,35.74491911
20181220,1092.23556,353467725.8,35.72707582
20181221,1092.177648,353094200.6,35.70688063
20181222,1092.138024,352838439.1,35.69326001
20181223,1092.092304,352543423,35.6772946
20181224,1092.046584,352248406.9,35.66130244
20181225,1091.997816,351933561.2,35.64448801
20181226,1091.952096,351638545.1,35.62879137
20181227,1091.912472,351382783.5,35.61505749
20181228,1091.85456,351009258.3,35.59497455
20181229,1091.82408,350812580.9,35.58434052
20181230,1091.787504,350576649,35.57169647
20181231,1091.74788,350320887.4,35.55823138
20190101,1091.683872,349907703,35.53606202
20190102,1091.61072,349435839.2,35.51062616
20190103,1091.531472,348924316.1,35.48349866
20190104,1091.455272,348424933.5,35.45682613
20190105,1091.376024,347925146.3,35.43036642
20190106,1091.299824,347425763.8,35.40382484
20190107,1091.220576,346926381.3,35.37731351
20190108,1091.144376,346427403.4,35.35079128
20190109,1091.071224,345957158.3,35.32564421
20190110,1090.995024,345467083.6,35.29952713
20190111,1090.946256,345153451.9,35.28278592
20190112,1090.90968,344918329.3,35.27025332
20190113,1090.885296,344761715.9,35.26187497
20190114,1090.84872,344526593.3,35.24934966
20190115,1090.830432,344408829.7,35.24313711
20190116,1090.769472,344006976.5,35.22177323
20190117,1090.705464,343605123.3,35.20046707
20190118,1090.678032,343429084.9,35.19107022
20190119,1090.632312,343134878.1,35.17548232
20190120,1090.607928,342978264.7,35.16716098
20190121,1090.58964,342860501,35.16092812
20190122,1090.522584,342429510.4,35.13811067
20190123,1090.455528,341998115.2,35.11531333
20190124,1090.385424,341547295,35.09152895
20190125,1090.351896,341332002,35.08012734
20190126,1090.309224,341057624.9,35.06563649
20190127,1090.266552,340783247.8,35.0511947
20190128,1090.217784,340469616.1,35.03468276
20190129,1090.172064,340175409.4,35.01925912
20190130,1090.123296,339861777.8,35.00279707
20190131,1090.068432,339509296.3,34.98424074
20190201,1090.004424,339097730.6,34.9626444
20190202,1089.940416,338686164.9,34.94106841
20190203,1089.885552,338333278.8,34.92264382
20190204,1089.845928,338078326.6,34.9093205
20190205,1089.778872,337647336,34.88680854
20190206,1089.714864,337235770.3,34.86533981
20190207,1089.678288,337000647.8,34.85306336
20190208,1089.641712,336765120.5,34.84084827
20190209,1089.602088,336510573,34.82757894
20190210,1089.55332,336196941.4,34.81127227
20190211,1089.504552,335883309.7,34.79497187
20190212,1089.46188,335608932.6,34.7807477
20190213,1089.407016,335256046.4,34.76246354
20190214,1089.373488,335050465.9,34.75176428
20190215,1089.343008,334844480.7,34.7411307
20190216,1089.297288,334550678.7,34.72592184
20190217,1089.275952,334413490.2,34.71881133
20190218,1089.236328,334158538,34.70565608
20190219,1089.181464,333805651.8,34.68747175
20190220,1089.150984,333609783.8,34.67733403
20190221,1089.108312,333335406.7,34.66317504
20190222,1089.03516,332865161.5,34.6389579
20190223,1088.983344,332532104.9,34.6217947
20190224,1088.934576,332218473.3,34.60569253
20190225,1088.876664,331846162.2,34.58656961
20190226,1088.833992,331571380.4,34.5725628
20190227,1088.77608,331199069.3,34.553477
20190228,1088.712072,330787503.6,34.53240558
20190301,1088.657208,330434617.4,34.51441066
20190302,1088.62368,330219324.5,34.50336969
20190303,1088.605392,330101560.8,34.49736908
20190304,1088.581008,329944947.3,34.48936915
20190305,1088.565768,329847013.3,34.48435193
20190306,1088.550528,329748674.6,34.47941144
20190307,1088.53224,329631315.7,34.47338881
20190308,1088.480424,329298259.1,34.456414
20190309,1088.480424,329298259.1,34.456414
20190310,1088.477376,329278429.5,34.45545475
20190311,1088.452992,329121816,34.44745234
20190312,1088.416416,328886693.5,34.43547438
20190313,1088.367648,328573061.8,34.41957883
20190314,1088.37984,328651166.2,34.4235592
20190315,1088.388984,328710250.4,34.42652779
20190316,1088.382888,328670995.8,34.42455974
20190317,1088.3646,328553232.2,34.41857769
20190318,1088.328024,328318109.6,34.40667102
20190319,1088.300592,328141666.5,34.39773103
20190320,1088.282304,328014190.4,34.39128145
20190321,1088.260968,327887119,34.38478443
20190322,1088.236584,327730100.9,34.37686964
20190323,1088.206104,327534232.8,34.36692302
20190324,1088.175624,327338364.8,34.35700218
20190325,1088.154288,327201176.3,34.35007033
20190326,1088.10552,326887544.6,34.33423728
20190327,1088.062848,326613167.5,34.32040503
20190328,1088.011032,326279706.2,34.30361324
20190329,1087.980552,326083838.2,34.29372968
20190330,1087.950072,325887970.2,34.2838721
20190331,1087.916544,325672272.6,34.27302167
20190401,1087.895208,325535084,34.26613262
20190402,1087.889112,325495829.5,34.26416393
20190403,1087.84644,325221452.4,34.25040301
20190404,1087.825104,325084263.8,34.24349486
20190405,1087.788528,324849141.2,34.23171403
20190406,1087.782432,324809886.7,34.22973702
20190407,1087.761096,324672698.1,34.22284937
20190408,1087.73976,324535509.6,34.21599392
20190409,1087.721472,324418150.6,34.21008338
20190410,1087.681848,324163198.5,34.19734002
20190411,1087.697088,324261132.5,34.2022656
20190412,1087.703184,324300387,34.20421124
20190413,1087.727568,324457000.5,34.21206981
20190414,1087.742808,324554934.5,34.21698648
20190415,1087.748904,324594189.1,34.21892858
20190416,1087.755,324633443.6,34.22090821
20190417,1087.758048,324653273.2,34.22185752
20190418,1087.761096,324672698.1,34.22284937
20190419,1087.764144,324692123.1,34.2238791
20190420,1087.767192,324711952.7,34.22482805
20190421,1087.779384,324790461.8,34.228746
20190422,1087.825104,325084263.8,34.24349486
20190423,1087.852536,325260706.9,34.2523371
20190424,1087.904352,325593763.5,34.26908713
20190425,1087.965312,325985904.2,34.28878345
20190426,1088.062848,326613167.5,34.32040503
20190427,1088.136,327083412.6,34.34414771
20190428,1088.230488,327690846.3,34.37488976
20190429,1088.324976,328298684.7,34.40562592
20190430,1088.477376,329278429.5,34.45545475
20190501,1088.63892,330317258.5,34.50837562
20190502,1088.824848,331512700.9,34.56952925
20190503,1089.047352,332943670.6,34.64297863
20190504,1089.251568,334256472,34.71072826
20190505,1089.410064,335275876,34.76346111
20190506,1089.519792,335981243.7,34.8000654
20190507,1089.653904,336843629.6,34.84492186
20190508,1089.754488,337490317.8,34.87862524
20190509,1089.85812,338156835.7,34.91343534
20190510,1089.970896,338882033,34.95137502
20190511,1090.089768,339646484.8,34.99142789
20190512,1090.20864,340410532,35.0316324
20190513,1090.312272,341077049.8,35.0667134
20190514,1090.428096,341821672.1,35.10601435
20190515,1090.507344,342331576.4,35.13292154
20190516,1090.595736,342899755.6,35.16301821
20190517,1090.687176,343487764.3,35.19417963
20190518,1090.809096,344271641.1,35.23582722
20190519,1090.964544,345271215.5,35.289043
20190520,1091.101704,346153026.3,35.3361225
20190521,1091.257152,347154219.5,35.38944882
20190522,1091.42784,348255774.8,35.44783871
20190523,1091.571096,349180077.6,35.49707234
20190524,1091.714352,350104380.4,35.54639833
20190525,1091.836272,350891090,35.58868229
20190526,1091.949048,351619120.1,35.62760246
20190527,1092.107544,352641761.7,35.68238618
20190528,1092.226416,353408641.6,35.72397419
20190529,1092.348336,354195351.2,35.76616576
20190530,1092.473304,355001890.4,35.80999219
20190531,1092.60132,355827854.5,35.85443586
20190601,1092.726288,356634393.7,35.89820792
20190602,1092.869544,357558696.6,35.94857337
20190603,1092.994512,358364831.1,35.99265118
20190604,1093.140816,359308963.5,36.04397489
20190605,1093.308456,360390689.2,36.10315367
20190606,1093.497432,361610008.1,36.17004945
20190607,1093.710792,362986749.9,36.24592654
20190608,1093.982064,364737421.5,36.34249926
20190609,1094.314296,366881043.3,36.46165657
20190610,1094.670912,369182087.8,36.5898924
20190611,1095.058008,371680214.5,36.72959365
20190612,1095.429864,374079597.8,36.86463117
20190613,1095.795624,376439726.6,36.99820115
20190614,1096.143096,378681687,37.12573245
20190615,1096.53324,381199238.6,37.26916139
20190616,1096.91424,383657706.1,37.41036099
20190617,1097.286096,386060326.9,37.54816528
20190618,1097.654904,388641414.2,37.66632533
20190619,1097.9658,390817410.8,37.76654078
20190620,1098.273648,392971959,37.8664576
20190621,1098.599784,395253983.4,37.97301298
20190622,1098.91068,397429980,38.07515802
20190623,1099.239864,399733452.7,38.18407356
20190624,1099.544664,401866957.3,38.28552995
20190625,1099.812888,403743891,38.37486901
20190626,1100.035392,405301122.7,38.44959241
20190627,1100.2518,406814648.4,38.52272812
20190628,1100.44992,408202721.3,38.58935491
20190629,1100.669376,409736481.3,38.66406277
20190630,1100.882736,411229772.6,38.73662651
20190701,1101.09,412682595.4,38.80709075
20190702,1101.300312,414151605.5,38.87941288
20190703,1101.528912,415754162.1,38.9576999
20190704,1101.763608,417397187.3,39.03839794
20190705,1101.992208,418995697,39.117909
20190706,1102.199472,420444472.8,39.18994528
20190707,1102.40064,421852780.1,39.25999007
20190708,1102.562184,422985900.9,39.31607973
20190709,1102.711536,424029990.8,39.36850055
20190710,1102.8426,424948628,39.4143051
20190711,1102.97976,425907733.8,39.46253412
20190712,1103.068152,426526903.4,39.49345161
20190713,1103.196168,427421259.5,39.53865749
20190714,1103.272368,427955445,39.56539601
20190715,1103.354664,428530099.1,39.59466142
20190716,1103.412576,428975253.7,39.61165669
20190717,1103.473536,429464923.8,39.62738122
20190718,1103.525352,429881750.4,39.64060554
20190719,1103.580216,430322858.1,39.65471981
20190720,1103.644224,430836809.3,39.67154604
20190721,1103.705184,431330526.2,39.68704833
20190722,1103.74176,431621900.2,39.69683646
20190723,1103.763096,431795915.1,39.70226323
20190724,1103.77224,431868758.6,39.7047063
20190725,1103.77224,431868758.6,39.7047063
20190726,1103.793576,432042773.6,39.70984129
20190727,1103.811864,432188460.6,39.71472126
20190728,1103.857584,432556724.8,39.72682029
20190729,1103.86368,432605287.1,39.72834843
20190730,1103.86368,432605287.1,39.72834843
20190731,1103.86368,432605287.1,39.72834843
20190801,1103.866728,432629568.3,39.72925493
20190802,1103.845392,432459600.2,39.72347776
20190803,1103.888064,432803583.3,39.73465602
20190804,1103.881968,432750974.1,39.73321582
20190805,1103.860632,432581006,39.72744183
20190806,1103.86368,432605287.1,39.72834843
20190807,1103.842344,432435319,39.72257058
20190808,1103.824056,432285585.2,39.71806786
20190809,1103.811864,432188460.6,39.71472126
20190810,1103.799672,432091335.9,39.71165863
20190811,1103.790528,432018492.4,39.70921799
20190812,1103.766144,431820196.3,39.70288725
20190813,1103.723472,431476213.2,39.69194405
20190814,1103.692992,431233401.6,39.68368733
20190815,1103.653368,430913699.7,39.67362715
20190816,1103.607648,430545435.4,39.66172294
20190817,1103.583264,430347139.3,39.65563527
20190818,1103.55888,430152890,39.64916896
20190819,1103.519256,429833188,39.63905781
20190820,1103.46744,429416361.5,39.62554324
20190821,1103.415624,428999534.9,39.61228994
20190822,1103.366856,428615083.2,39.59918541
20190823,1103.305896,428190162.9,39.57741172
20190824,1103.26932,427935210.7,39.5643844
20190825,1103.23884,427720727.1,39.55365549
20190826,1103.199216,427441493.8,39.53996011
20190827,1103.138256,427016573.5,39.5183565
20190828,1103.077296,426587606.3,39.49708455
20190829,1103.016336,426162686,39.47539491
20190830,1102.96452,425798468.6,39.45730733
20190831,1102.93404,425588031.9,39.44638532
20190901,1102.909656,425418063.8,39.43779001
20190902,1102.87308,425159064.7,39.42525941
20190903,1102.851744,425009330.9,39.41767261
20190904,1102.81212,424734144.4,39.40371537
20190905,1102.775544,424479192.3,39.39076825
20190906,1102.745064,424264708.7,39.3801549
20190907,1102.711536,424021897.1,39.36808842
20190908,1102.684104,423835741.5,39.35889599
20190909,1102.641432,423536273.9,39.34362271
20190910,1102.604856,423293462.3,39.33151451
20190911,1102.571328,423046603.8,39.31947696
20190912,1102.528656,422751183,39.30435455
20190913,1102.49208,422492184,39.29195501
20190914,1102.4616,422281747.3,39.28086509
20190915,1102.440264,422132013.5,39.27346757
20190916,1102.40064,421852780.1,39.25999007
20190917,1102.361016,421577593.6,39.2458254
20190918,1102.336632,421407625.5,39.23736009
20190919,1102.300056,421148626.5,39.22487979
20190920,1102.269576,420938189.8,39.21401398
20190921,1102.239096,420723706.2,39.20351438
20190922,1102.226904,420638722.1,39.19911882
20190923,1102.190328,420383769.9,39.18650831
20190924,1102.165944,420209755,39.17837227
20190925,1102.129368,419954802.8,39.16544257
20190926,1102.089744,419679616.3,39.15144575
20190927,1102.062312,419485367,39.14222917
20190928,1102.031832,419270883.4,39.13165646
20190929,1102.001352,419060446.7,39.12098949
20190930,1101.961728,418781213.4,39.10731148
20191001,1101.934296,418599104.7,39.09839401
20191002,1101.909912,418421042.8,39.08909072
20191003,1101.879432,418206559.3,39.07875881
20191004,1101.855048,418036591.1,39.07015731
20191005,1101.830664,417866623,39.06154881
20191006,1101.82152,417801873.3,39.05874554
20191007,1101.79104,417587389.7,39.04808733
20191008,1101.757512,417352671.8,39.03665086
20191009,1101.73008,417170563.1,39.02767202
20191010,1101.705696,416988454.4,39.01898114
20191011,1101.672168,416757783.4,39.00683709
20191012,1101.644736,416563534.1,38.99778454
20191013,1101.626448,416434034.6,38.99154734
20191014,1101.602064,416264066.5,38.98316992
20191015,1101.583776,416138613.8,38.97654465
20191016,1101.56244,415988880,38.96922486
20191017,1101.525864,415733927.8,38.95662903
20191018,1101.519768,415689412.3,38.95456947
20191019,1101.483192,415434460.2,38.94195557
20191020,1101.477096,415389944.7,38.93989295
20191021,1101.45576,415240210.9,38.93254675
20191022,1101.428328,415050008.5,38.92304681
20191023,1101.403944,414880040.3,38.91461339
20191024,1101.37956,414706025.4,38.90655271
20191025,1101.358224,414560338.4,38.89880263
20191026,1101.330792,414366089.1,38.88965141
20191027,1101.3186,414268964.5,38.88507259
20191028,1101.30336,414175886.7,38.88011172
20191029,1101.263736,413896653.4,38.86670582
20191030,1101.25764,413856184.8,38.86454545
20191031,1101.239352,413726685.2,38.85822574
20191101,1101.218016,413576951.4,38.85111867
20191102,1101.208872,413512201.7,38.84795507
20191103,1101.19668,413427217.6,38.84370811
20191104,1101.178392,413301764.9,38.83729347
20191105,1101.160104,413172265.4,38.83125527
20191106,1101.141816,413042765.9,38.82491465
20191107,1101.12048,412893032.1,38.81778373
20191108,1101.099144,412747345.1,38.81026712
20191109,1101.077808,412597611.3,38.80282683
20191110,1101.068664,412532861.5,38.79994714
20191111,1101.050376,412403362,38.79358686
20191112,1101.025992,412233393.9,38.78534513
20191113,1101.007704,412103894.4,38.77927495
20191114,1100.986368,411958207.4,38.77173032
20191115,1100.965032,411808473.6,38.76426176
20191116,1100.95284,411723489.5,38.76027953
20191117,1100.940648,411634458.6,38.75637703
20191118,1100.919312,411488771.7,38.74881568
20191119,1100.90712,411399740.7,38.74490847
20191120,1100.870544,411144788.6,38.73233296
20191121,1100.855304,411039570.2,38.72694322
20191122,1100.849208,410995054.7,38.72513538
20191123,1100.833968,410889836.4,38.71974184
20191124,1100.818728,410784618,38.71434553
20191125,1100.7852,410549900.1,38.70312965
20191126,1100.773008,410464916.1,38.69882205
20191127,1100.742528,410250432.5,38.68868705
20191128,1100.727288,410141167.3,38.68365605
20191129,1100.699856,409950964.9,38.67422336
20191130,1100.702904,409971199.2,38.67532327
20191201,1100.69376,409910496.3,38.6720232
20191202,1100.657184,409651497.2,38.65973851
20191203,1100.638896,409526044.6,38.65320838
20191204,1100.60232,409267045.5,38.64120163
20191205,1100.580984,409117311.7,38.63393767
20191206,1100.5566,408947343.6,38.62556336
20191207,1100.523072,408712625.7,38.61424608
20191208,1100.501736,408562891.9,38.60726429
20191209,1100.477352,408392923.8,38.59886751
20191210,1100.456016,408243189.9,38.59157247
20191211,1100.422488,408008472.1,38.58021609
20191212,1100.38896,407773754.2,38.56884665
20191213,1100.364576,407603786.1,38.56072021
20191214,1100.35848,407563317.5,38.55849611
20191215,1100.337144,407413583.6,38.55117138
20191216,1100.318856,407284084.1,38.54525776
20191217,1100.285328,407049366.2,38.53384792
20191218,1100.263992,406899632.4,38.52680801
20191219,1100.230464,406664914.5,38.51537673
20191220,1100.199984,406454477.8,38.50497028
20191221,1100.178648,406304744,38.49760583
20191222,1100.151216,406110494.7,38.48868415
20191223,1100.117688,405875776.8,38.47751251
20191224,1100.096352,405726043,38.47043144
20191225,1100.08416,405641059,38.46602386
20191226,1100.06892,405535840.6,38.46079604
20191227,1100.026248,405236373,38.44660443
20191228,1100.004912,405086639.1,38.43950076
20191229,1099.995768,405021889.4,38.43650958
20191230,1099.974432,404876202.4,38.4290143
20191231,1099.943952,404661314.2,38.41893956
20200101,1099.922616,404511985,38.41177712
20200102,1099.90128,404362655.9,38.40460939
20200103,1099.8708,404149386.4,38.3943551
20200104,1099.837272,403914668.5,38.3830744
20200105,1099.80984,403722442.6,38.37385247
20200106,1099.770216,403445232.7,38.36077937
20200107,1099.73364,403189471.2,38.3484017
20200108,1099.684872,402847916.2,38.33223122
20200109,1099.654392,402634646.7,38.3219
20200110,1099.605624,402293496.4,38.30564619
20200111,1099.569048,402037330.1,38.29354334
20200112,1099.541616,401845509,38.28450389
20200113,1099.495896,401525402.3,38.26925273
20200114,1099.462368,401290684.5,38.25813248
20200115,1099.441032,401141355.3,38.25084999
20200116,1099.407504,400907042.1,38.23966971
20200117,1099.370928,400650875.9,38.22748279
20200118,1099.343496,400459054.7,38.21838041
20200119,1099.32216,400309725.6,38.2113761
20200120,1099.282536,400032111,38.19811752
20200121,1099.242912,399754901.1,38.18511043
20200122,1099.218528,399584528.3,38.17700504
20200123,1099.181952,399328362,38.16504645
20200124,1099.15452,399136540.9,38.1558839
20200125,1099.120992,398901823,38.14463035
20200126,1099.087464,398667105.1,38.13367294
20200127,1099.06308,398496327.6,38.12556216
20200128,1099.035648,398304506.5,38.11636145
20200129,1099.00212,398069788.6,38.10537093
20200130,1098.968592,397835070.7,38.09436745
20200131,1098.950304,397707189.9,38.08831779
20200201,1098.928968,397557860.8,38.08121614
20200202,1098.91068,397429980,38.07515802
20200203,1098.874104,397173813.8,38.06337944
20200204,1098.846672,396981992.6,38.05411803
20200205,1098.813144,396747274.7,38.04305406
20200206,1098.779616,396512556.9,38.03228807
20200207,1098.746088,396278243.7,38.02115923
20200208,1098.718656,396086017.8,38.01220669
20200209,1098.703416,395979585.4,38.00716016
20200210,1098.679032,395808807.9,37.99925135
20200211,1098.627216,395446209.2,37.9820034
20200212,1098.60588,395296880.1,37.97513301
20200213,1098.566256,395019670.2,37.96212578
20200214,1098.523584,394721011.9,37.94803741
20200215,1098.505296,394592726.5,37.94224409
20200216,1098.487008,394464845.7,37.93609538
20200217,1098.459576,394279904.2,37.92761087
20200218,1098.435192,394095367.4,37.91907945
20200219,1098.40776,393910425.9,37.91026585
20200220,1098.365088,393611767.6,37.89641181
20200221,1098.328512,393355601.4,37.88440249
20200222,1098.304128,393185228.6,37.87666231
20200223,1098.294984,393120883.5,37.87344889
20200224,1098.273648,392971959,37.8664576
20200225,1098.227928,392662374.3,37.85233391
20200226,1098.185256,392353194.2,37.83783453
20200227,1098.16392,392203865,37.83085506
20200228,1098.13344,391990595.5,37.82091455
20200229,1098.109056,391819818,37.81315885
20200301,1098.099912,391755877.6,37.8101996
20200302,1098.063336,391499711.4,37.798392
20200303,1098.029808,391265398.2,37.78729577
20200304,1098.005424,391094620.7,37.77951101
20200305,1097.977992,390902799.5,37.77059737
20200306,1097.944464,390668081.6,37.75982236
20200307,1097.92008,390497304.2,37.75201368
20200308,1097.898744,390347975,37.7449682
20200309,1097.871312,390156153.9,37.73602052
20200310,1097.840832,389942884.3,37.72629226
20200311,1097.8134,389750658.5,37.71736525
20200312,1097.792064,389601329.4,37.71060959
20200313,1097.779872,389515940.6,37.70652629
20200314,1097.76768,389430956.5,37.70271876
20200315,1097.761584,389388059.8,37.70053678
20200316,1097.7372,389217282.3,37.69267641
20200317,1097.715864,389068357.9,37.68586281
20200318,1097.694528,388919028.8,37.6790832
20200319,1097.673192,388769699.6,37.67229839
20200320,1097.651856,388620370.5,37.66519096
20200321,1097.636616,388513533.4,37.66030911
20200322,1097.636616,388513533.4,37.66030911
20200323,1097.621376,388407101,37.65538534
20200324,1097.612232,388342755.9,37.65273097
20200325,1097.603088,388278815.5,37.6497188
20200326,1097.578704,388108442.7,37.64177435
20200327,1097.55432,387937665.2,37.63386218
20200328,1097.545176,387873724.8,37.63116177
20200329,1097.52384,387724395.7,37.6243402
20200330,1097.5086,387617558.6,37.61943581
20200331,1097.496408,387532169.8,37.61531152
20200401,1097.47812,387404289.1,37.60957962
20200402,1097.468976,387350870.5,37.6071237
20200403,1097.46288,387297856.6,37.60462781
20200404,1097.438496,387127079.1,37.59668269
20200405,1097.423256,387020242,37.59208181
20200406,1097.404968,386892361.3,37.58601583
20200407,1097.389728,386785928.8,37.58105098
20200408,1097.362296,386593703,37.57229792
20200409,1097.350104,386508314.3,37.56847143
20200410,1097.337912,386422925.5,37.56464324
20200411,1097.322672,386316493.1,37.55966647
20200412,1097.307432,386209656,37.55504569
20200413,1097.29524,386124671.9,37.55085276
20200414,1097.283048,386039283.2,37.54701688
20200415,1097.267808,385939325.7,37.54172005
20200416,1097.261712,385907760.2,37.5396767
20200417,1097.258664,385876194.7,37.53795268
20200418,1097.252568,385844629.2,37.53622837
20200419,1097.24952,385813468.4,37.5344644
20200420,1097.243424,385781902.9,37.53241979
20200421,1097.237328,385752360.8,37.53081751
20200422,1097.23428,385722818.7,37.52921497
20200423,1097.206848,385545970.9,37.51891537
20200424,1097.185512,385407973,37.51090624
20200425,1097.170272,385309634.3,37.5054338
20200426,1097.15808,385231125.2,37.50091001
20200427,1097.130648,385054277.5,37.49058426
20200428,1097.118456,384975363.7,37.48609384
20200429,1097.094072,384817940.8,37.47706806
20200430,1097.072736,384680347.6,37.46898934
20200501,1097.057496,384582008.9,37.46349583
20200502,1097.054448,384562584,37.46218069
20200503,1097.054448,384562584,37.46218069
20200504,1097.078832,384719602.1,37.47125797
20200505,1097.121504,384995193.3,37.48704657
20200506,1097.170272,385309634.3,37.5054338
20200507,1097.23428,385722818.7,37.52921497
20200508,1097.31048,386231104.3,37.55583443
20200509,1097.38668,386764480.5,37.58026477
20200510,1097.465928,387318900.3,37.60576936
20200511,1097.526888,387745844,37.62512203
20200512,1097.566512,388023054,37.63797808
20200513,1097.606136,388300263.9,37.65049811
20200514,1097.654904,388641414.2,37.66632533
20200515,1097.703672,388982969.1,37.68208559
20200516,1097.761584,389388059.8,37.70053678
20200517,1097.819496,389793555.2,37.71922691
20200518,1097.87436,390177197.5,37.73714661
20200519,1097.938368,390614663.1,37.75740751
20200520,1097.999328,391052128.7,37.77762307
20200521,1098.075528,391585100.1,37.80211959
20200522,1098.14868,392097027.9,37.82606297
20200523,1098.261456,392886570.3,37.86275715
20200524,1098.3468,393483886.8,37.89054636
20200525,1098.435192,394102247,37.91935647
20200526,1098.526632,394742055.6,37.94913918
20200527,1098.611976,395339372.1,37.97697945
20200528,1098.66684,395723419.2,37.99498269
20200529,1098.715608,396064569.5,38.01115085
20200530,1098.78876,396576497.2,38.03517601
20200531,1098.81924,396790171.5,38.04515854
20200601,1098.877152,397195262.1,38.06411896
20200602,1098.980784,397920459.5,38.09828216
20200603,1099.102704,398773942.2,38.13861299
20200604,1099.249008,399797797.8,38.18718384
20200605,1099.419696,400992026.2,38.24386969
20200606,1099.529424,401760120.2,38.28035999
20200607,1099.666584,402720035.4,38.3260261
20200608,1099.797648,403637458.6,38.37001386
20200609,1099.937856,404618417.4,38.41691565
20200610,1100.071968,405556074.9,38.46191858
20200611,1100.178648,406304744,38.49760583
20200612,1100.273136,406964382.2,38.52977101
20200613,1100.349336,407498567.7,38.55523933
20200614,1100.431632,408073221.8,38.58346484
20200615,1100.471256,408352455.2,38.59665149
20200616,1100.498688,408542657.6,38.60615721
20200617,1100.565744,409012093.3,38.62879748
20200618,1100.565744,409012093.3,38.62879748
20200619,1100.577936,409097077.4,38.63283341
20200620,1100.599272,409246811.2,38.64009814
20200621,1100.626704,409441060.5,38.6491809
20200622,1100.638896,409526044.6,38.65320838
20200623,1100.629752,409461294.8,38.65028343
20200624,1100.61756,409376310.7,38.64625471
20200625,1100.605368,409291326.7,38.64192295
20200626,1100.60232,409267045.5,38.64120163
20200627,1100.593176,409206342.6,38.63789082
20200628,1100.577936,409097077.4,38.63283341
20200629,1100.553552,408927109.3,38.62445823
20200630,1100.516976,408672157.1,38.61203331
20200701,1100.489544,408477907.8,38.60291579
20200702,1100.422488,408008472.1,38.58021609
20200703,1100.422488,408008472.1,38.58021609
20200704,1100.392008,407798035.3,38.56957491
20200705,1100.382864,407733285.6,38.56662428
20200706,1100.346288,407478333.4,38.55412678
20200707,1100.300568,407158631.5,38.53865438
20200708,1100.245704,406774179.8,38.5201927
20200709,1100.199984,406454477.8,38.50497028
20200710,1100.151216,406110494.7,38.48868415
20200711,1100.123784,405920292.3,38.4793703
20200712,1100.102448,405770558.5,38.47229069
20200713,1100.041488,405345638.2,38.4514559
20200714,1099.986624,404961186.5,38.43313338
20200715,1099.934808,404596969.1,38.41590353
20200716,1099.876896,404191878.4,38.3964222
20200717,1099.828128,403850728.1,38.37998858
20200718,1099.785456,403552069.8,38.36590645
20200719,1099.74888,403295903.6,38.3535738
20200720,1099.690968,402879886.4,38.33378188
20200721,1099.630008,402463869.2,38.31394905
20200722,1099.58124,402122718.9,38.29768158
20200723,1099.532472,401781568.6,38.28138649
20200724,1099.483704,401440013.6,38.26510228
20200725,1099.44408,401162803.7,38.25187965
20200726,1099.4136,400949534.2,38.24176992
20200727,1099.392264,400800205,38.2347829
20200728,1099.343496,400453389.1,38.21830508
20200729,1099.29168,400106977.9,38.20176006
20200730,1099.24596,399769065.1,38.18591735
20200731,1099.185,399349810.4,38.16577653
20200801,1099.148424,399093644.2,38.1538037
20200802,1099.1088,398816434.3,38.1407352
20200803,1099.038696,398325954.8,38.11740569
20200804,1098.97164,397856519.1,38.0954141
20200805,1098.898488,397344591.3,38.07123351
20200806,1098.831432,396882439.9,38.04967776
20200807,1098.767424,396420288.5,38.02776058
20200808,1098.709512,396029361.8,38.00954672
20200809,1098.654648,395638030.4,37.99102395
20200810,1098.578448,395105059,37.96609696
20200811,1098.511392,394635623.2,37.94405846
20200812,1098.435192,394102247,37.91935647
20200813,1098.36204,393590319.3,37.89534303
20200814,1098.294984,393120883.5,37.87344889
20200815,1098.24012,392737241.2,37.85579664
20200816,1098.191352,392395686.2,37.83970969
20200817,1098.1182,391883758.4,37.81611714
20200818,1098.038952,391329338.6,37.79026247
20200819,1097.9658,390817410.8,37.76654078
20200820,1097.880456,390220094.2,37.73900406
20200821,1097.816448,389772106.8,37.71845436
20200822,1097.76768,389430956.5,37.70271876
20200823,1097.709768,389025461.2,37.68399401
20200824,1097.657952,388662862.5,37.66742037
20200825,1097.593944,388214875.1,37.64670564
20200826,1097.517744,387681499,37.62213994
20200827,1097.441544,387148527.5,37.59778587
20200828,1097.37144,386657643.4,37.57533602
20200829,1097.313528,386252552.7,37.55694244
20200830,1097.258664,385880241.6,37.53819831
20200831,1097.194656,385467057.2,37.51443648
20200901,1097.145888,385152616.2,37.49638437
20200902,1097.11236,384936109.1,37.48382823
20200903,1097.072736,384680347.6,37.46898934
20200904,1097.030064,384405161.1,37.45313543
20200905,1096.984344,384110145,37.43630136
20200906,1096.95996,383952722.2,37.42723483
20200907,1096.91424,383657706.1,37.41036099
20200908,1096.865472,383333147.9,37.39151629
20200909,1096.813656,383008589.7,37.3729617
20200910,1096.77708,382772657.8,37.35926115
20200911,1096.734408,382497471.3,37.34357171
20200912,1096.697832,382261134.7,37.3301969
20200913,1096.679544,382143371.1,37.32330237
20200914,1096.649064,381946693.7,37.31216453
20200915,1096.618584,381750016.3,37.3006921
20200916,1096.585056,381533509.3,37.28855953
20200917,1096.551528,381317406.9,37.27605014
20200918,1096.511904,381061645.4,37.26125457
20200919,1096.47228,380805883.8,37.24676304
20200920,1096.447896,380648461,37.23786347
20200921,1096.408272,380392699.4,37.22334047
20200922,1096.377792,380196022,37.21209963
20200923,1096.344264,379979919.7,37.19950273
20200924,1096.295496,379665074,37.18161829
20200925,1096.246728,379350633,37.16366452
20200926,1096.216248,379153955.6,37.15236183
20200927,1096.191864,378996532.7,37.14338426
20200928,1096.140048,378662262.1,37.12437949
20200929,1096.094328,378367246,37.10768557
20200930,1096.054704,378111484.4,37.0929869
20201001,1096.008984,377816468.3,37.07624414
20201002,1095.966312,377540877.2,37.0608356
20201003,1095.92364,377265690.7,37.04503785
20201004,1095.887064,377029758.8,37.03157772
20201005,1095.844392,376754167.6,37.01610433
20201006,1095.80172,376478981.1,37.00056852
20201007,1095.762096,376223219.6,36.98605111
20201008,1095.716376,375928203.5,36.96914033
20201009,1095.676752,375672441.9,36.95490858
20201010,1095.640176,375446627.1,36.94198192
20201011,1095.606648,375220407.7,36.92907953
20201012,1095.554832,374895849.5,36.91071014
20201013,1095.506064,374571291.3,36.89263821
20201014,1095.46644,374315529.8,36.87797308
20201015,1095.42072,374014038.7,36.86086934
20201016,1095.371952,373712547.6,36.84406807
20201017,1095.326232,373410651.9,36.82694926
20201018,1095.286608,373155295,36.81248411
20201019,1095.240888,372866753.9,36.79631194
20201020,1095.198216,372578212.8,36.78011472
20201021,1095.152496,372289671.6,36.76389239
20201022,1095.112872,372033910.1,36.74971191
20201023,1095.067152,371738894,36.73308662
20201024,1095.02448,371463707.5,36.71746344
20201025,1094.990952,371247200.5,36.70531908
20201026,1094.945232,370952184.4,36.68895574
20201027,1094.899512,370657168.3,36.67223357
20201028,1094.85684,370381981.8,36.65685258
20201029,1094.820264,370146049.9,36.64356119
20201030,1094.783688,369910118,36.63058629
20201031,1094.756256,369732865.5,36.6204573
20201101,1094.731872,369575442.6,36.61169181
20201102,1094.692248,369320085.8,36.59759559
20201103,1094.649576,369044494.6,36.58214334
20201104,1094.613,368808562.7,36.56875595
20201105,1094.573376,368552801.1,36.55464079
20201106,1094.530704,368277614.6,36.53941897
20201107,1094.484984,367982598.5,36.52279058
20201108,1094.454504,367785921.1,36.51180196
20201109,1094.408784,367490905.1,36.4954648
20201110,1094.375256,367274398,36.48339405
20201111,1094.32344,366940127.4,36.46486169
20201112,1094.286864,366704195.5,36.45165839
20201113,1094.232,366350095.2,36.43201002
20201114,1094.195424,366114163.3,36.41876427
20201115,1094.158848,365878231.3,36.40583856
20201116,1094.122272,365641894.7,36.39259911
20201117,1094.073504,365327453.7,36.37530288
20201118,1094.030832,365051862.5,36.36018959
20201119,1093.994256,364815930.6,36.34685026
20201120,1093.95768,364579998.7,36.33383198
20201121,1093.921104,364344066.7,36.32079685
20201122,1093.887576,364127559.7,36.30885668
20201123,1093.841856,363832543.6,36.29252971
20201124,1093.793088,363518102.6,36.27506084
20201125,1093.74432,363203256.9,36.25794173
20201126,1093.722984,363065663.6,36.25027899
20201127,1093.665072,362691733.8,36.22983712
20201128,1093.619352,362396717.7,36.21338114
20201129,1093.582776,362160785.7,36.20052954
20201130,1093.537056,361865769.7,36.18436639
20201201,1093.488288,361551328.6,36.16704958
20201202,1093.436472,361216653.3,36.14865431
20201203,1093.372464,360803873.6,36.12608071
20201204,1093.323696,360489027.9,36.10870258
20201205,1093.268832,360134927.6,36.08940543
20201206,1093.22616,359859741.2,36.07415731
20201207,1093.171296,359505640.9,36.05479235
20201208,1093.116432,359151540.7,36.03538921
20201209,1093.061568,358797845.1,36.01625092
20201210,1093.006704,358443744.8,35.99677139
20201211,1092.945744,358050390,35.97534119
20201212,1092.884784,357657035.3,35.95386384
20201213,1092.84516,357401273.7,35.93990361
20201214,1092.778104,356968664.4,35.91642375
20201215,1092.714096,356555480,35.89404498
20201216,1092.656184,356181954.8,35.87385365
20201217,1092.598272,355808024.9,35.85366071
20201218,1092.543408,355454329.4,35.83416158
20201219,1092.491592,355119654,35.81617879
20201220,1092.44892,354844467.6,35.80119849
20201221,1092.394056,354490367.3,35.78233078
20201222,1092.345288,354175926.3,35.76534123
20201223,1092.293472,353831538.5,35.74646659
20201224,1092.238608,353487555.4,35.72821215
20201225,1092.186792,353152880.1,35.7100288
20201226,1092.12888,352779354.9,35.68979754
20201227,1092.095352,352562847.9,35.67847766
20201228,1092.025248,352110813.6,35.65386878
20201229,1091.973432,351776138.3,35.63589418
20201230,1091.924664,351461697.3,35.61899338
20201231,1091.857608,351029087.9,35.59577491
20210101,1091.811888,350734071.9,35.57999682
20210102,1091.769216,350458480.7,35.56538859
20210103,1091.73264,350222548.7,35.55271899
20210104,1091.665584,349796414.4,35.53008914
20210105,1091.601576,349370280,35.50740408
20210106,1091.53452,348944145.7,35.48466362
20210107,1091.470512,348530961.3,35.46267338
20210108,1091.409552,348137606.5,35.44180105
20210109,1091.354688,347783910.9,35.42280074
20210110,1091.315064,347528149.4,35.40925984
20210111,1091.24496,347065997.9,35.38472603
20210112,1091.171808,346603846.5,35.36023355
20210113,1091.1078,346192280.9,35.33820847
20210114,1091.04684,345800544.8,35.31724477
20210115,1090.973688,345329895,35.29219061
20210116,1090.921872,344996838.4,35.27441896
20210117,1090.882248,344741886.3,35.26086195
20210118,1090.830432,344408829.7,35.24313711
20210119,1090.77252,344036518.6,35.22333797
20210120,1090.693272,343527018.9,35.1962621
20210121,1090.632312,343134878.1,35.17548232
20210122,1090.577448,342781992,35.15681848
20210123,1090.531728,342488189.9,35.14123823
20210124,1090.486008,342194387.9,35.12566728
20210125,1090.418952,341762992.6,35.10291073
20210126,1090.357992,341370851.9,35.08224153
20210127,1090.30008,340998540.8,35.06259675
20210128,1090.242168,340626229.6,35.04298145
20210129,1090.190352,340293173.1,35.02540895
20210130,1090.138536,339960116.5,35.00791086
20210131,1090.10196,339724589.2,34.99558275
20210201,1090.053192,339410957.6,34.9791133
20210202,1089.989184,338999391.9,34.95754085
20210203,1089.958704,338803523.9,34.94727778
20210204,1089.894696,338391958.2,34.92573725
20210205,1089.836784,338019647.1,34.90625784
20210206,1089.775824,337627506.4,34.88578869
20210207,1089.7362,337372958.9,34.8724775
20210208,1089.67524,336980818.1,34.85207617
20210209,1089.626472,336667186.5,34.83574182
20210210,1089.565512,336275450.4,34.81532297
20210211,1089.501504,335863884.8,34.79393604
20210212,1089.440544,335471744,34.7736085
20210213,1089.388728,335138687.5,34.75634455
20210214,1089.349104,334883735.3,34.7431727
20210215,1089.288144,334491594.6,34.72291046
20210216,1089.239376,334178367.6,34.7066603
20210217,1089.18756,333844906.3,34.68945251
20210218,1089.123552,333433340.7,34.66823522
20210219,1089.071736,333100284.1,34.6510565
20210220,1089.007728,332688718.4,34.62989253
20210221,1088.977248,332492850.4,34.61979813
20210222,1088.919336,332120134.6,34.60071184
20210223,1088.876664,331846162.2,34.58656961
20210224,1088.815704,331447546.5,34.56616509
20210225,1088.751696,331048930.8,34.5457487
20210226,1088.690736,330650315,34.52539499
20210227,1088.641968,330336683.4,34.50940829
20210228,1088.581008,329944947.3,34.48936915
20210301,1088.523096,329572636.2,34.47039459
20210302,1088.480424,329298259.1,34.456414
20210303,1088.428608,328955085.4,34.43900164
20210304,1088.373744,328612316.3,34.42154806
20210305,1088.331072,328337939.2,34.40763603
20210306,1088.27316,327965223.4,34.38878141
20210307,1088.22744,327671421.4,34.37387841
20210308,1088.172576,327318535.2,34.35603116
20210309,1088.132952,327063987.7,34.34313266
20210310,1088.084184,326750356.1,34.32732406
20210311,1088.050656,326534658.4,34.31645544
20210312,1087.986648,326123092.8,34.29569127
20210313,1087.934832,325790036.2,34.27891993
20210314,1087.886064,325476404.5,34.26317705
20210315,1087.895208,325535084,34.26613262
20210316,1087.901304,325574338.5,34.26810084
20210317,1087.916544,325672272.6,34.27302167
20210318,1087.928736,325750781.6,34.27695431
20210319,1087.940928,325828886,34.28092764
20210320,1087.93788,325809461.1,34.27994277
20210321,1087.883016,325456574.9,34.26219476
20210322,1087.773288,324751207.2,34.22676827
20210323,1087.669656,324084689.4,34.19344495
20210324,1087.550784,323320237.5,34.15526196
20210325,1087.441056,322614869.8,34.12009352
20210326,1087.383144,322242558.7,34.10156215
20210327,1087.340472,321968181.6,34.08794503
20210328,1087.294752,321673974.9,34.07337588
20210329,1087.261224,321458681.9,34.06265955
20210330,1087.197216,321047116.3,34.04227908
20210331,1087.133208,320635145.9,34.02196618
20210401,1087.09968,320419853,34.01129605
20210402,1087.05396,320125646.2,33.99681718
20210403,1087.00824,319831844.2,33.98230725
20210404,1086.96252,319538042.2,33.96780924
20210405,1086.9168,319243835.4,33.95336621
20210406,1086.877176,318988883.3,33.94086833
20210407,1086.834504,318714506.2,33.92739958
20210408,1086.800976,318499213.2,33.91679482
20210409,1086.74916,318165751.9,33.90046992
20210410,1086.709536,317911204.5,33.8879993
20210411,1086.682104,317734761.4,33.87937134
20210412,1086.636384,317440554.6,33.86503631
20210413,1086.572376,317028989,33.84495804
20210414,1086.532752,316774441.5,33.83247593
20210415,1086.483984,316460809.8,33.8172453
20210416,1086.44436,316205857.6,33.80487874
20210417,1086.401688,315931480.5,33.79152462
20210418,1086.35292,315618253.6,33.77628655
20210419,1086.33768,315519914.9,33.77156718
20210420,1086.285864,315186858.3,33.75539973
20210421,1086.234048,314853801.7,33.73927643
20210422,1086.191376,314579424.6,33.72600375
20210423,1086.1548,314343897.4,33.71470199
20210424,1086.090792,313932736.4,33.6947745
20210425,1086.038976,313599275.1,33.67876246
20210426,1085.996304,313324898,33.66558049
20210427,1085.959728,313089775.4,33.65426267
20210428,1085.901816,312717464.3,33.63638722
20210429,1085.856096,312423257.6,33.62230382
20210430,1085.810376,312129455.6,33.60822934
20210501,1085.776848,311913757.9,33.5979358
20210502,1085.734176,311639380.8,33.58480927
20210503,1085.68236,311306324.2,33.56891407
20210504,1085.633592,310992692.6,33.55398275
20210505,1085.597016,310757570,33.54277341
20210506,1085.551296,310463363.3,33.52883024
20210507,1085.523864,310286920.2,33.52042699
20210508,1085.505576,310169561.3,33.51481688
20210509,1085.475096,309973693.2,33.50551294
20210510,1085.432424,309699316.1,33.4925011
20210511,1085.40804,309542298,33.48510319
20210512,1085.386704,309405109.4,33.47862189
20210513,1085.356224,309209241.4,33.46935181
20210514,1085.325744,309013373.4,33.46006997
20210515,1085.304408,308876184.8,33.45356646
20210516,1085.27088,308660487.2,33.44341602
20210517,1085.234304,308425364.6,33.43231758
20210518,1085.206872,308248921.5,33.42400361
20210519,1085.167248,307993969.3,33.41206313
20210520,1085.161152,307954714.8,33.41019387
20210521,1085.109336,307621658.2,33.39456078
20210522,1085.100192,307562978.7,33.39178815
20210523,1085.07276,307395843.4,33.38249701
20210524,1085.063616,307342424.9,33.37914866
20210525,1085.054472,307289006.3,33.37579915
20210526,1085.066664,307360231.1,33.38026491
20210527,1085.078856,307431051.1,33.38477254
20210528,1085.091048,307503894.6,33.3890584
20210529,1085.136768,307798101.3,33.40282842
20210530,1085.206872,308248921.5,33.42400361
20210531,1085.261736,308601403,33.44066589
20210601,1085.313552,308934864.3,33.4563555
20210602,1085.374512,309326600.3,33.47491684
20210603,1085.429376,309679486.5,33.49161857
20210604,1085.465952,309914609.1,33.50274651
20210605,1085.475096,309973693.2,33.50551294
20210606,1085.49948,310130306.7,33.51297373
20210607,1085.517768,310248070.4,33.51854153
20210608,1085.542152,310404683.8,33.52598916
20210609,1085.56044,310522447.5,33.53158682
20210610,1085.578728,310639806.4,33.53718422
20210611,1085.593968,310737740.4,33.5418574
20210612,1085.60616,310816249.5,33.54556841
20210613,1085.624448,310934013.1,33.55115125
20210614,1085.630544,310972863,33.55306815
20210615,1085.630544,310972863,33.55306815
20210616,1085.624448,310934013.1,33.55115125
20210617,1085.600064,310776995,33.54373299
20210618,1085.578728,310639806.4,33.53718422
20210619,1085.548248,310443938.4,33.52786876
20210620,1085.542152,310404683.8,33.52598916
20210621,1085.49948,310130306.7,33.51297373
20210622,1085.459856,309875759.2,33.50085656
20210623,1085.420232,309620807.1,33.48880308
20210624,1085.353176,309189411.8,33.4684265
20210625,1085.30136,308856355.2,33.45267908
20210626,1085.261736,308601403,33.44066589
20210627,1085.228208,308386110.1,33.4304935
20210628,1085.17944,308072478.4,33.41572016
20210629,1085.130672,307758846.8,33.40099686
20210630,1085.106288,307602233.3,33.39362204
20210701,1085.07276,307395843.4,33.38249701
20210702,1085.030088,307146961.5,33.36685761
20210703,1084.990464,306916290.5,33.35226836
20210704,1084.932552,306578782.4,33.33104885
20210705,1084.877688,306259485.1,33.31090312
20210706,1084.810632,305868558.5,33.28637302
20210707,1084.746624,305495842.7,33.26294673
20210708,1084.679568,305105320.7,33.23841141
20210709,1084.609464,304696992.5,33.21283947
20210710,1084.533264,304253052,33.18504276
20210711,1084.472304,303897737.6,33.16283765
20210712,1084.399152,303471603.3,33.13620204
20210713,1084.326,303045468.9,33.10957293
20210714,1084.246752,302583722.2,33.08081081
20210715,1084.167504,302122380.2,33.05199816
20210716,1084.088256,301660633.4,33.02330524
20210717,1084.009008,301198886.7,32.99460625
20210718,1083.938904,300790558.5,32.96923239
20210719,1083.8688,300382230.4,32.94391275
20210720,1083.826128,300133753.2,32.92848614
20210721,1083.74688,299680909.5,32.90049309
20210722,1083.67068,299228065.9,32.87249776
20210723,1083.600576,298828640.8,32.84779239
20210724,1083.53352,298429215.7,32.82314488
20210725,1083.478656,298109513.8,32.80343851
20210726,1083.414648,297736798,32.78045432
20210727,1083.368928,297470514.6,32.76406145
20210728,1083.332352,297257245.1,32.75096936
20210729,1083.307968,297115200.3,32.74225751
20210730,1083.262248,296848916.9,32.72587916
20210731,1083.222624,296618245.9,32.71169881
20210801,1083.19824,296476201.1,32.70299097
20210802,1083.143376,296156499.1,32.68339978
20210803,1083.097656,295890215.8,32.66704046
20210804,1083.054984,295641333.9,32.65185901
20210805,1083.009264,295375050.5,32.63556799
20210806,1082.960496,295090960.9,32.61820627
20210807,1082.899536,294736051.3,32.59646606
20210808,1082.856864,294487574.1,32.58128823
20210809,1082.795904,294132259.8,32.55962949
20210810,1082.74104,293812557.8,32.54018782
20210811,1082.673984,293422035.8,32.51640405
20210812,1082.600832,292995901.5,32.49048607
20210813,1082.536824,292623185.7,32.46779758
20210814,1082.46672,292214857.5,32.4430113
20210815,1082.411856,291895155.6,32.42365225
20210816,1082.332608,291433408.8,32.39570796
20210817,1082.250312,290953855.9,32.36677304
20210818,1082.210688,290723184.9,32.35278392
20210819,1082.292984,291202737.8,32.3817648
20210820,1082.308224,291291364.1,32.38715684
20210821,1082.28384,291149319.3,32.378555
20210822,1082.2686,291060693,32.37315771
20210823,1082.225928,290811811.1,32.35819369
20210824,1082.17716,290527721.6,32.3410098
20210825,1082.119248,290190618.1,32.32064365
20210826,1082.05524,289817497.6,32.29820063
20210827,1081.991232,289444781.8,32.27573985
20210828,1081.930272,289089467.5,32.25443712
20210829,1081.875408,288770170.3,32.23521261
20210830,1081.793112,288290617.4,32.20647078
20210831,1081.723008,287882289.2,32.18196912
20210901,1081.768728,288148572.6,32.19794714
20210902,1081.783968,288237603.5,32.20323644
20210903,1081.817496,288432662.2,32.21498602
20210904,1081.79616,288308423.6,32.20751929
20210905,1081.783968,288237603.5,32.20323644
20210906,1081.747392,288024334,32.19050852
20210907,1081.710816,287811064.5,32.17776174
20210908,1081.671192,287580393.4,32.16393994
20210909,1081.625472,287314110,32.14798467
20210910,1081.5828,287065632.8,32.13314341
20210911,1081.546224,286852363.3,32.12044038
20210912,1081.5066,286621692.3,32.10665533
20210913,1081.451736,286301990.4,32.08757649
20210914,1081.402968,286017900.8,32.07067225
20210915,1081.3542,285733811.2,32.05377758
20210916,1081.305432,285449721.6,32.03689248
20210917,1081.253616,285147825.9,32.01894522
20210918,1081.204848,284858070.7,32.00171782
20210919,1081.153032,284567910.9,31.98454416
20210920,1081.104264,284277751,31.96737884
20210921,1081.0494,283958453.7,31.948418
20210922,1081.00368,283692170.3,31.93266544
20210923,1080.954912,283407676.1,31.91593106
20210924,1080.906144,283123991.2,31.89911543
20210925,1080.857376,282848400,31.88292369
20210926,1080.814704,282586568.2,31.86750583
20210927,1080.768984,282324736.4,31.85205938
20210928,1080.723264,282058453,31.836387
20210929,1080.677544,281792169.6,31.82072878
20210930,1080.625728,281490273.8,31.80301759
20211001,1080.604392,281366035.2,31.79571079
20211002,1080.616584,281436855.3,31.79989397
20211003,1080.616584,281436855.3,31.79989397
20211004,1080.60744,281383841.4,31.79676727
20211005,1080.62268,281472467.6,31.80200573
20211006,1080.610488,281401647.6,31.79777978
20211007,1080.5922,281294810.5,31.79157125
20211008,1080.573912,281188378.1,31.78531225
20211009,1080.564768,281135364.2,31.78218003
20211010,1080.552576,281064139.5,31.77803366
20211011,1080.555624,281081945.6,31.77904851
20211012,1080.516,280851274.6,31.7655343
20211013,1080.491616,280708825.2,31.75726654
20211014,1080.48552,280673617.5,31.75514152
20211015,1080.467232,280566780.4,31.74894461
20211016,1080.45504,280495960.3,31.74477956
20211017,1080.445896,280442541.8,31.74167776
20211018,1080.430656,280353915.5,31.73644498
20211019,1080.415416,280265289.3,31.7312529
20211020,1080.39408,280140646,31.72406024
20211021,1080.37884,280052019.8,31.71881625
20211022,1080.354456,279909975,31.7105434
20211023,1080.342264,279839154.9,31.70635886
20211024,1080.336168,279803542.6,31.70431077
20211025,1080.336168,279803542.6,31.70431077
20211026,1080.320928,279714916.3,31.69909829
20211027,1080.31788,279697110.2,31.6980734
20211028,1080.305688,279625885.4,31.6939725
20211029,1080.296544,279572871.6,31.69080546
20211030,1080.293496,279555065.4,31.68977951
20211031,1080.2874,279519453,31.68772722
20211101,1080.275208,279448228.3,31.68362108
20211102,1080.269112,279413020.6,31.68152133
20211103,1080.247776,279288377.3,31.6743287
20211104,1080.223392,279146332.5,31.66605477
20211105,1080.205104,279039900.1,31.65983232
20211106,1080.183768,278915661.5,31.65257444
20211107,1080.16548,278809229.1,31.64638594
20211108,1080.141096,278667184.3,31.63812781
20211109,1080.11976,278542945.7,31.63089482
20211110,1080.098424,278418707.1,31.62365538
20211111,1080.07404,278276662.3,31.61541838
20211112,1080.046608,278116811.3,31.60613636
20211113,1080.025272,277992572.7,31.59891913
20211114,1080.010032,277903541.8,31.59381824
20211115,1079.973456,277690677,31.58143517
20211116,1079.973456,277690677,31.58143517
20211117,1079.927736,277424393.6,31.56604156
20211118,1079.894208,277228930.2,31.55474968
20211119,1079.857632,277015660.7,31.54244157
20211120,1079.842392,276927034.5,31.53730299
20211121,1079.811912,276749377.3,31.52706204
20211122,1079.78448,276589931,31.51776538
20211123,1079.744856,276358855.3,31.50448441
20211124,1079.72352,276234616.7,31.49730949
20211125,1079.699136,276092572,31.48912103
20211126,1079.665608,275897108.6,31.47789898
20211127,1079.635128,275719856.1,31.46766953
20211128,1079.613792,275595212.9,31.46055233
20211129,1079.583312,275417960.4,31.4503005
20211130,1079.552832,275240303.2,31.44012651
20211201,1079.528448,275098258.5,31.4319686
20211202,1079.461392,274707736.5,31.4095242
20211203,1079.409576,274405840.7,31.39225189
20211204,1079.366904,274157363.5,31.37800655
20211205,1079.330328,273944094,31.36582808
20211206,1079.290704,273713423,31.35264969
20211207,1079.241936,273429333.4,31.33641407
20211208,1079.19012,273127437.6,31.31920592
20211209,1079.165736,272985392.8,31.31110269
20211210,1079.11392,272683497.1,31.29392897
20211211,1079.071248,272435019.9,31.27977554
20211212,1079.03772,272239556.5,31.2687055
20211213,1078.995048,271991079.3,31.25459663
20211214,1078.93104,271660450.9,31.22856876
20211215,1078.897512,271488459.3,31.2148222
20211216,1078.848744,271238363.4,31.19480829
20211217,1078.80912,271034806.3,31.17859751
20211218,1078.760352,270784710.4,31.15860771
20211219,1078.723776,270596936.1,31.14362581
20211220,1078.67196,270331057.4,31.12242252
20211221,1078.611,270018235.1,31.09749394
20211222,1078.559184,269752356.4,31.07629116
20211223,1078.495176,269423751.4,31.05014439
20211224,1078.440312,269142089.9,31.02778027
20211225,1078.406784,268970098.4,31.01405176
20211226,1078.379352,268829267.6,31.00286072
20211227,1078.345824,268657276.1,30.9891921
20211228,1078.3062,268454123.7,30.97299044
20211229,1078.263528,268235188.6,30.95559667
20211230,1078.217808,268000470.7,30.9369588
20211231,1078.178184,267796913.6,30.92081662