date,evap_hs,error
1/1/16,-35.18838911016662,0
1/2/16,0.5231072002204777,0
1/3/16,0.5462107865410293,0
1/4/16,0.3020342522262469,0
1/5/16,-0.19091126527482763,0
1/6/16,-0.5064635327362818,0
1/7/16,-0.5163545260205125,0
1/8/16,-0.0315848274019603,0
1/9/16,0.3181622960686491,0
1/10/16,0.223718583897832,0
1/11/16,0.5804836527826203,0
1/12/16,0.5950551691687926,0
1/13/16,0.5821121222837425,0
1/14/16,0.4971886695851046,0
1/15/16,0.4004733287112799,0
1/16/16,0.25211071796823725,0
1/17/16,0.1498704302144813,0
1/18/16,0.060240789131989304,0
1/19/16,-0.27800387879969707,0
1/20/16,-0.450475220452418,0
1/21/16,0.1980939913480519,0
1/22/16,0.3937127639717728,0
1/23/16,0.32574174534129324,0
1/24/16,0.173138250614165,0
1/25/16,0.5237030193926976,0
1/26/16,0.6633823074011814,0
1/27/16,0.694081704510781,0
1/28/16,0.5170168675111658,0
1/29/16,0.3342049690788085,0
1/30/16,-0.07092553226742114,0
1/31/16,-0.6434090697163789,0
2/1/16,-0.305454927905148,0
2/2/16,1.5808803333135006,0
2/3/16,1.2074964527077319,0
2/4/16,0.9126998138014202,0
2/5/16,0.7480558122946587,0
2/6/16,0.6624712815824494,0
2/7/16,0.6623587315960517,0
2/8/16,0.5201037922719541,0
2/9/16,0.3461821548766826,0
2/10/16,0.24372917067222213,0
2/11/16,0.1935008305572513,0
2/12/16,0.03824073829531095,0
2/13/16,-0.00766106125566427,0
2/14/16,-0.1330514146779776,0
2/15/16,-0.2688522886094338,0
2/16/16,-0.5648505887372389,0
2/17/16,-0.3298347142625602,0
2/18/16,-0.8858647299099386,0
2/19/16,-0.4535250029371702,0
2/20/16,-0.21824562715344398,0
2/21/16,-0.14870327872103195,0
2/22/16,-0.038473143615250165,0
2/23/16,0.9604660162807833,0
2/24/16,0.6866610821967329,0
2/25/16,0.5449681019860781,0
2/26/16,0.3596564398763996,0
2/27/16,0.16330926146278313,0
2/28/16,-0.08417745636412154,0
2/29/16,-0.5480430761937467,0
3/1/16,-0.4096706927724315,0
3/2/16,-0.5437655457696409,0
3/3/16,-0.10522929366239007,0
3/4/16,-0.17937376133618027,0
3/5/16,-0.22498560909549686,0
3/6/16,-1.157119713870162,0
3/7/16,0.6637627999835346,0
3/8/16,0.5494666864818898,0
3/9/16,0.4210953073427986,0
3/10/16,0.21610914405994847,0
3/11/16,0.1048848952253501,0
3/12/16,0.3621797700682943,0
3/13/16,0.2482940334636055,0
3/14/16,0.19395236331446083,0
3/15/16,0.5266133086798913,0
3/16/16,0.8999185016445718,0
3/17/16,1.0258608710985484,0
3/18/16,0.8123292602990582,0
3/19/16,0.6154131446082692,0
3/20/16,0.633099146866537,0
3/21/16,0.28916517751555776,0
3/22/16,0.7809375687912847,0
3/23/16,2.922616652859993,0
3/24/16,1.3830622805053598,0
3/25/16,1.1540134987485782,0
3/26/16,1.7299208990106456,0
3/27/16,1.5209750291796649,0
3/28/16,0.8042561767627054,0
3/29/16,2.178933871780257,0
3/30/16,1.3558650962643684,0
3/31/16,1.297359805946381,0
4/1/16,1.16230616830712,0
4/2/16,1.2539178718273054,0
4/3/16,0.8988589195335652,0
4/4/16,0.5035882172702641,0
4/5/16,0.7526056962160472,0
4/6/16,1.3003715079684575,0
4/7/16,1.1199269894871609,0
4/8/16,0.8839245948878566,0
4/9/16,-0.09184811983325046,0
4/10/16,0.0621720908444707,0
4/11/16,0.6862313299557825,0
4/12/16,0.6213493964154944,0
4/13/16,0.6738307883979543,0
4/14/16,0.5449315315638179,0
4/15/16,2.0431798476446663,0
4/16/16,3.2297639221104095,0
4/17/16,2.761598980273358,0
4/18/16,1.626390061711549,0
4/19/16,1.4657030332431746,0
4/20/16,1.1506987121713264,0
4/21/16,0.7432136928433684,0
4/22/16,1.1318262520109692,0
4/23/16,3.2047173965950018,0
4/24/16,2.166088235043906,0
4/25/16,2.963670836142571,0
4/26/16,2.3101255684299167,0
4/27/16,1.384495608778165,0
4/28/16,1.4228119438194806,0
4/29/16,1.1432993750083082,0
4/30/16,1.2985624653139054,0
5/1/16,1.5005506356090696,0
5/2/16,1.2383178465416054,0
5/3/16,1.2042785038500612,0
5/4/16,1.5328064737497566,0
5/5/16,1.1969346304409085,0
5/6/16,2.3187883001277987,0
5/7/16,2.25605447615029,0
5/8/16,1.9405417489180081,0
5/9/16,2.229735476309739,0
5/10/16,1.9600958759068186,0
5/11/16,1.9429501635806674,0
5/12/16,2.1729377254798563,0
5/13/16,1.7616933945126505,0
5/14/16,1.3127758187792278,0
5/15/16,1.1064516395135429,0
5/16/16,2.2562581647158226,0
5/17/16,1.9332764990579066,0
5/18/16,1.3245402052605268,0
5/19/16,1.612680788977329,0
5/20/16,3.248374968176668,0
5/21/16,4.592459383707803,0
5/22/16,4.323706216316388,0
5/23/16,3.117393529258371,0
5/24/16,3.513349206758152,0
5/25/16,3.4098397507387705,0
5/26/16,3.737576766282758,0
5/27/16,2.8308030247933154,0
5/28/16,2.2758730866406056,0
5/29/16,2.5526090318865275,0
5/30/16,2.7469963576715335,0
5/31/16,2.3717670545152445,0
6/1/16,2.185820156192996,0
6/2/16,2.295477562460557,0
6/3/16,2.6282486818529063,0
6/4/16,1.8631351895445283,0
6/5/16,1.9095387204703345,0
6/6/16,2.1682988582010205,0
6/7/16,2.2158411342679396,0
6/8/16,1.8760964349587772,0
6/9/16,1.9946201430626378,0
6/10/16,2.482193351114064,0
6/11/16,2.8246005021480123,0
6/12/16,2.766807067070548,0
6/13/16,4.070511854193705,0
6/14/16,3.4994694596709714,0
6/15/16,4.437257949270908,0
6/16/16,4.786601410716442,0
6/17/16,3.8535580316174833,0
6/18/16,3.5173217739551603,0
6/19/16,2.852759358989066,0
6/20/16,2.0711329579755113,0
6/21/16,2.717723821455378,0
6/22/16,2.256687173573348,0
6/23/16,2.5698054465234272,0
6/24/16,2.8956146780283327,0
6/25/16,3.591806845125622,0
6/26/16,3.9164348979569543,0
6/27/16,2.84577830046303,0
6/28/16,2.8972280326233903,0
6/29/16,2.5981277223434174,0
6/30/16,2.5988300819623733,0
7/1/16,2.0451132615044574,0
7/2/16,2.5553598834737126,0
7/3/16,3.696961629043584,0
7/4/16,3.4408214341040475,0
7/5/16,4.924762636408793,0
7/6/16,6.1104904732809,0
7/7/16,4.196953531185345,0
7/8/16,4.877542406823144,0
7/9/16,4.18510648181107,0
7/10/16,5.68042109495248,0
7/11/16,5.8730705670376455,0
7/12/16,5.018384220835701,0
7/13/16,4.70931910530215,0
7/14/16,5.63116014149968,0
7/15/16,4.657478137968482,0
7/16/16,6.076557990432945,0
7/17/16,4.216044741347388,0
7/18/16,3.546560254032497,0
7/19/16,3.2870720968403058,0
7/20/16,3.6850109516736356,0
7/21/16,3.201742484305044,0
7/22/16,3.1495140617291693,0
7/23/16,3.5174707519148867,0
7/24/16,5.107743467762024,0
7/25/16,4.189618090868693,0
7/26/16,3.7878010891897285,0
7/27/16,4.000552558633469,0
7/28/16,4.357851493187799,0
7/29/16,3.8089602562894185,0
7/30/16,6.012803149640055,0
7/31/16,5.001669771786918,0
8/1/16,4.0871608804475485,0
8/2/16,4.283815112296385,0
8/3/16,3.5736429401756573,0
8/4/16,3.7152729465115235,0
8/5/16,3.6909909252980073,0
8/6/16,4.292267799145636,0
8/7/16,3.5200261453401023,0
8/8/16,4.1422528017215265,0
8/9/16,5.78913980722862,0
8/10/16,4.768815588753115,0
8/11/16,4.608662130995723,0
8/12/16,5.161613609211245,0
8/13/16,5.361620063379423,0
8/14/16,5.013091611946606,0
8/15/16,5.1986573493651855,0
8/16/16,5.321022372166331,0
8/17/16,5.730085785240996,0
8/18/16,4.465549380613398,0
8/19/16,5.0174326397225055,0
8/20/16,5.589274884560284,0
8/21/16,5.341268335249521,0
8/22/16,5.370886970207508,0
8/23/16,5.5453935555710085,0
8/24/16,4.744401050075956,0
8/25/16,4.743678365565695,0
8/26/16,4.7371721543410965,0
8/27/16,4.887584942638667,0
8/28/16,3.8443567468112665,0
8/29/16,4.773634271200878,0
8/30/16,4.511652352709137,0
8/31/16,4.657505218586109,0
9/1/16,4.778455837427372,0
9/2/16,3.4962522677847616,0
9/3/16,4.047631371061124,0
9/4/16,5.504959009659333,0
9/5/16,5.63046717227791,0
9/6/16,5.484306793420544,0
9/7/16,5.624257756819099,0
9/8/16,4.722443306555665,0
9/9/16,5.087446605299091,0
9/10/16,5.827985480773757,0
9/11/16,5.342823097313606,0
9/12/16,5.9883213774221,0
9/13/16,7.165367156120062,0
9/14/16,7.77639822962621,0
9/15/16,6.079882732565983,0
9/16/16,5.51089730278358,0
9/17/16,5.4956275888393105,0
9/18/16,5.239345055473159,0
9/19/16,5.020018415199837,0
9/20/16,4.618061884753147,0
9/21/16,3.5617602263071766,0
9/22/16,3.2339991573100546,0
9/23/16,6.570277678757944,0
9/24/16,5.934782736827734,0
9/25/16,7.003786485294606,0
9/26/16,5.390490630976806,0
9/27/16,4.884111339362388,0
9/28/16,4.421951690828469,0
9/29/16,3.4320926453139484,0
9/30/16,3.6445714242869096,0
10/1/16,3.5473684957829326,0
10/2/16,3.949968995026558,0
10/3/16,9.535246678907434,0
10/4/16,5.699583816368007,0
10/5/16,5.197465835358518,0
10/6/16,5.592320610606914,0
10/7/16,5.724914720282867,0
10/8/16,4.740026313724004,0
10/9/16,4.6515790280869505,0
10/10/16,4.07491231008082,0
10/11/16,3.917059553363467,0
10/12/16,4.6254370942011285,0
10/13/16,4.502257547820925,0
10/14/16,4.810940376690182,0
10/15/16,5.152874363722509,0
10/16/16,5.406130714559405,0
10/17/16,6.6221290154315104,0
10/18/16,4.193274096502197,0
10/19/16,5.830930538610717,0
10/20/16,5.67724852911742,0
10/21/16,4.255973173943766,0
10/22/16,4.318476035552333,0
10/23/16,4.183722710674632,0
10/24/16,4.365835090727703,0
10/25/16,3.3465969812739274,0
10/26/16,3.069571878356655,0
10/27/16,3.141742481199594,0
10/28/16,2.9598971256090003,0
10/29/16,3.250770185437263,0
10/30/16,3.558839965292721,0
10/31/16,4.752255585002013,0
11/1/16,3.66860294453912,0
11/2/16,5.466457645073271,0
11/3/16,4.8089350329618545,0
11/4/16,4.369986079559268,0
11/5/16,3.7689929669966498,0
11/6/16,3.525562263940924,0
11/7/16,3.433402517211045,0
11/8/16,3.6180366507800397,0
11/9/16,3.3727076814747523,0
11/10/16,3.7672446032902145,0
11/11/16,3.860240760332085,0
11/12/16,4.044346230656017,0
11/13/16,3.6815481002573565,0
11/14/16,3.4563119521056005,0
11/15/16,3.67452383096195,0
11/16/16,3.668520544583008,0
11/17/16,8.640172544910772,0
11/18/16,4.387211407789522,0
11/19/16,3.7020413228331575,0
11/20/16,3.453389860862958,0
11/21/16,3.506908924706275,0
11/22/16,4.607934708223803,0
11/23/16,3.2083027853619708,0
11/24/16,3.9822291235654066,0
11/25/16,3.3693744129089755,0
11/26/16,3.2916710256080743,0
11/27/16,4.750166051142092,0
11/28/16,5.350498753849526,0
11/29/16,6.208730990734498,0
11/30/16,4.287095766678844,0
12/1/16,3.3770795305854113,0
12/2/16,3.8942122720585384,0
12/3/16,3.9925094574216673,0
12/4/16,3.0368931232636474,0
12/5/16,3.1676259411689034,0
12/6/16,3.198561863663184,0
12/7/16,4.963783769310177,0
12/8/16,3.5989625282814304,0
12/9/16,3.1150428827757537,0
12/10/16,3.1237258182155556,0
12/11/16,2.8224231478112993,0
12/12/16,2.8626714347338287,0
12/13/16,2.5469403473630767,0
12/14/16,2.8528887859091085,0
12/15/16,2.217928845117042,0
12/16/16,3.5425204739730547,0
12/17/16,7.223025367016268,0
12/18/16,3.5365152451745683,0
12/19/16,3.398957180508132,0
12/20/16,2.700133303557346,0
12/21/16,2.423928551463119,0
12/22/16,2.4343665595172617,0
12/23/16,2.2689000551019274,0
12/24/16,2.9090225722615974,0
12/25/16,4.1484546542126175,0
12/26/16,3.322868457315067,0
12/27/16,2.4221434907872714,0
12/28/16,2.368715454815975,0
12/29/16,2.6187263958449045,0
12/30/16,2.330853934381261,0
12/31/16,1.9962389264689535,0
1/1/17,2.116961833673866,0
1/2/17,2.4870765415417866,0
1/3/17,2.66309962280269,0
1/4/17,2.081800290114901,0
1/5/17,2.345728856168073,0
1/6/17,3.8556169541609746,0
1/7/17,2.5021998135679113,0
1/8/17,2.6240668650523564,0
1/9/17,2.2526628081140214,0
1/10/17,2.465491855866945,0
1/11/17,2.429983569436065,0
1/12/17,2.6596618602672293,0
1/13/17,2.07210773011312,0
1/14/17,2.322395444680911,0
1/15/17,1.8070049779411352,0
1/16/17,2.111840868385184,0
1/17/17,2.200716198204586,0
1/18/17,2.0107589174102234,0
1/19/17,1.9469307388625618,0
1/20/17,1.9622263718649715,0
1/21/17,2.3711748780520425,0
1/22/17,2.568636568029381,0
1/23/17,3.0040061713707304,0
1/24/17,3.026985113844283,0
1/25/17,3.3561687182681235,0
1/26/17,2.8989910716058125,0
1/27/17,2.999049707357835,0
1/28/17,2.5835246761954505,0
1/29/17,2.262247489366025,0
1/30/17,2.002937018813278,0
1/31/17,2.0020204152868883,0
2/1/17,1.8894267368742645,0
2/2/17,2.041616167840218,0
2/3/17,2.0570108778407796,0
2/4/17,1.7105537364328967,0
2/5/17,1.8396867226162652,0
2/6/17,1.56272441288263,0
2/7/17,1.5906741365605506,0
2/8/17,1.3125622392114775,0
2/9/17,1.203229266110427,0
2/10/17,1.107701804177246,0
2/11/17,1.2020088004035796,0
2/12/17,1.85903872817226,0
2/13/17,1.2350654579621119,0
2/14/17,1.91363496284597,0
2/15/17,1.9873738488268085,0
2/16/17,2.0748124257198266,0
2/17/17,1.4446376341298044,0
2/18/17,1.759670185462909,0
2/19/17,1.3725780799794671,0
2/20/17,1.6612913468258133,0
2/21/17,1.2565308519931737,0
2/22/17,1.3816192289683975,0
2/23/17,4.584940184277015,0
2/24/17,4.286465155575545,0
2/25/17,2.7731004428413595,0
2/26/17,2.5898771302684693,0
2/27/17,2.9500890813842195,0
2/28/17,2.4678214029047667,0
3/1/17,2.5975381385332827,0
3/2/17,2.3518996672394006,0
3/3/17,2.439604700941546,0
3/4/17,2.0412629997477616,0
3/5/17,2.0758432816636554,0
3/6/17,5.265784016844162,0
3/7/17,2.6675649869970552,0
3/8/17,2.323962838921875,0
3/9/17,1.8691406622238742,0
3/10/17,1.725281564284891,0
3/11/17,1.5275562262212856,0
3/12/17,1.6107218526691525,0
3/13/17,1.8058440426869096,0
3/14/17,1.7249403597745494,0
3/15/17,1.503218728209355,0
3/16/17,1.5018232162411715,0
3/17/17,1.324099481712481,0
3/18/17,1.4721656035370798,0
3/19/17,1.2910456119782616,0
3/20/17,1.2913734109862431,0
3/21/17,1.348648896631584,0
3/22/17,1.3457276591639074,0
3/23/17,1.9006134627951843,0
3/24/17,3.765706384991066,0
3/25/17,1.5181526372774932,0
3/26/17,2.440959755455021,0
3/27/17,1.522407244720672,0
3/28/17,2.8529756166625875,0
3/29/17,3.282626094782104,0
3/30/17,2.2027092128495895,0
3/31/17,2.427575423614734,0
4/1/17,1.8411967624468226,0
4/2/17,1.7303308709841767,0
4/3/17,1.7883822017228592,0
4/4/17,3.6279069595028797,0
4/5/17,3.1025129370100593,0
4/6/17,2.3571888664813962,0
4/7/17,1.4040268526586317,0
4/8/17,3.042649903277969,0
4/9/17,4.328265924230816,0
4/10/17,2.7882833619804916,0
4/11/17,2.6396334434877087,0
4/12/17,2.1314955396398316,0
4/13/17,2.1188132754230913,0
4/14/17,2.370979458265644,0
4/15/17,2.8031741935841654,0
4/16/17,2.5257152701981616,0
4/17/17,2.3078895800216794,0
4/18/17,2.127874689089588,0
4/19/17,2.511785350846309,0
4/20/17,2.7264245690199282,0
4/21/17,3.5125304462815947,0
4/22/17,3.4924285666668275,0
4/23/17,2.633250966422973,0
4/24/17,2.4102349043102587,0
4/25/17,3.7620164747786404,0
4/26/17,3.5777768356113056,0
4/27/17,3.464218242110142,0
4/28/17,5.0799196325498635,0
4/29/17,4.910966180936699,0
4/30/17,3.8159095473890803,0
5/1/17,2.863909975668334,0
5/2/17,2.394328698664714,0
5/3/17,3.056240972015277,0
5/4/17,2.906972442284084,0
5/5/17,2.756398798355879,0
5/6/17,2.0268155205917853,0
5/7/17,3.915968489216022,0
5/8/17,2.405299842695092,0
5/9/17,2.555201705033443,0
5/10/17,2.3993373653073813,0
5/11/17,2.0976608106429757,0
5/12/17,2.483395834337242,0
5/13/17,3.963609312253479,0
5/14/17,3.4285820359288466,0
5/15/17,4.569063356131977,0
5/16/17,3.647150201774932,0
5/17/17,4.745294216548648,0
5/18/17,3.4434886070800235,0
5/19/17,3.772467368474027,0
5/20/17,3.7398333616860113,0
5/21/17,3.2977880324795215,0
5/22/17,2.774723258345332,0
5/23/17,3.1063983856842907,0
5/24/17,2.807377144475771,0
5/25/17,4.496126622544655,0
5/26/17,4.754644990827881,0
5/27/17,3.7394616857743195,0
5/28/17,4.0877972067814135,0
5/29/17,3.862422268184369,0
5/30/17,3.9274358269306426,0
5/31/17,3.436687776187432,0
6/1/17,3.244464159910012,0
6/2/17,2.8354030882938197,0
6/3/17,3.1849379283899473,0
6/4/17,2.9921615343120918,0
6/5/17,2.9191763304275296,0
6/6/17,3.024438746592302,0
6/7/17,3.073996960177263,0
6/8/17,3.4929819681059304,0
6/9/17,3.634368954004384,0
6/10/17,4.631481114167215,0
6/11/17,5.425090300807183,0
6/12/17,7.212009815562675,0
6/13/17,6.181776615998119,0
6/14/17,4.439253454756457,0
6/15/17,4.160558543512705,0
6/16/17,4.8215408374749185,0
6/17/17,3.6045680988580697,0
6/18/17,2.8979521194472806,0
6/19/17,3.0541344826568197,0
6/20/17,3.1899125056655957,0
6/21/17,3.3645398208071757,0
6/22/17,3.059986550615962,0
6/23/17,3.796128057363456,0
6/24/17,4.098141897409536,0
6/25/17,3.7504820538674917,0
6/26/17,4.055554181189426,0
6/27/17,3.9151378645070403,0
6/28/17,4.337151615494322,0
6/29/17,4.647897984173588,0
6/30/17,5.244606807898812,0
7/1/17,5.154466728137644,0
7/2/17,4.22317028219303,0
7/3/17,4.532019638100097,0
7/4/17,4.527311020540515,0
7/5/17,4.487308582922519,0
7/6/17,3.9155319537458944,0
7/7/17,4.2460394517111215,0
7/8/17,3.1765694163245732,0
7/9/17,3.9369225292385286,0
7/10/17,3.3423298239834205,0
7/11/17,3.537132708748987,0
7/12/17,3.4993080972697643,0
7/13/17,3.6602538815114696,0
7/14/17,4.062005467377145,0
7/15/17,4.344901446795487,0
7/16/17,3.902386702461961,0
7/17/17,4.871594132252226,0
7/18/17,4.078121929235997,0
7/19/17,4.072813212319783,0
7/20/17,3.917143184094864,0
7/21/17,4.517788057856831,0
7/22/17,4.06893141071779,0
7/23/17,4.908886779534974,0
7/24/17,3.7083790599411106,0
7/25/17,3.3585253470476277,0
7/26/17,3.8637538055555924,0
7/27/17,3.6078370178405805,0
7/28/17,4.689095546383105,0
7/29/17,5.098765726977756,0
7/30/17,4.520697224435764,0
7/31/17,4.046291473359518,0
8/1/17,4.256349246314352,0
8/2/17,4.472278017656916,0
8/3/17,3.9052926237656536,0
8/4/17,4.0631577227124485,0
8/5/17,4.038294436057853,0
8/6/17,4.1641121465659525,0
8/7/17,4.278493550878327,0
8/8/17,4.3049273928675795,0
8/9/17,4.466462068272686,0
8/10/17,4.355746337332446,0
8/11/17,5.233721391530584,0
8/12/17,4.591520437694667,0
8/13/17,4.347640717457974,0
8/14/17,4.326368742461781,0
8/15/17,5.993612328844476,0
8/16/17,5.84736279544935,0
8/17/17,5.686846745721398,0
8/18/17,5.144119170429974,0
8/19/17,5.459635247213741,0
8/20/17,5.019296334376552,0
8/21/17,4.930167091549986,0
8/22/17,5.469609038340983,0
8/23/17,4.685799210325404,0
8/24/17,5.663706895410789,0
8/25/17,5.07581301859978,0
8/26/17,4.888039770337573,0
8/27/17,5.209147489203336,0
8/28/17,5.142908062261252,0
8/29/17,4.638715918573225,0
8/30/17,4.543259570831517,0
8/31/17,5.036582947239802,0
9/1/17,5.102784439237894,0
9/2/17,5.50268140655005,0
9/3/17,5.447185353818978,0
9/4/17,4.635103286132225,0
9/5/17,5.093588838042086,0
9/6/17,5.22035510362708,0
9/7/17,5.28187014050216,0
9/8/17,5.357996801981375,0
9/9/17,3.9827792497377557,0
9/10/17,3.1871430489565995,0
9/11/17,4.023845595511102,0
9/12/17,4.466543284449479,0
9/13/17,4.567182807044079,0
9/14/17,4.81948462392107,0
9/15/17,4.696571499223719,0
9/16/17,5.283712987845808,0
9/17/17,5.503633407049398,0
9/18/17,5.262583578852848,0
9/19/17,6.310082860162522,0
9/20/17,6.049574130596584,0
9/21/17,7.664847956117829,0
9/22/17,9.112667993804363,0
9/23/17,6.731573379999164,0
9/24/17,8.202706354394092,0
9/25/17,6.276431427340631,0
9/26/17,6.091202741762633,0
9/27/17,5.71108467819053,0
9/28/17,5.163323263628886,0
9/29/17,4.332338729776957,0
9/30/17,4.115777244628957,0
10/1/17,5.221980072268306,0
10/2/17,8.583908491347268,0
10/3/17,8.253624879601398,0
10/4/17,5.480712149429757,0
10/5/17,5.389042414018835,0
10/6/17,6.8147074979187074,0
10/7/17,5.4621922974642505,0
10/8/17,4.72897903639136,0
10/9/17,8.447292858775771,0
10/10/17,6.444588803082987,0
10/11/17,4.501658999235697,0
10/12/17,4.4468937943648035,0
10/13/17,5.225723038947258,0
10/14/17,6.6466506129419995,0
10/15/17,5.240971908143811,0
10/16/17,4.374903669277415,0
10/17/17,4.440653891238612,0
10/18/17,4.162235047232663,0
10/19/17,4.113494013817728,0
10/20/17,5.0414950837224515,0
10/21/17,6.354798504971748,0
10/22/17,4.430286968028146,0
10/23/17,4.534253141562704,0
10/24/17,4.567829479461951,0
10/25/17,4.419503792602379,0
10/26/17,3.9239831832984735,0
10/27/17,4.759609948405635,0
10/28/17,4.295281471719861,0
10/29/17,3.9781468449707087,0
10/30/17,3.0810928002183644,0
10/31/17,3.8934721597760062,0
11/1/17,4.433575980148197,0
11/2/17,4.246985339690817,0
11/3/17,4.0775565170890555,0
11/4/17,5.021672966806668,0
11/5/17,4.578371966927554,0
11/6/17,4.603708416378539,0
11/7/17,4.371521978191479,0
11/8/17,4.628374153960143,0
11/9/17,4.013549125293113,0
11/10/17,3.6246222082979758,0
11/11/17,3.81119773684103,0
11/12/17,3.7632185462471153,0
11/13/17,3.397743615185436,0
11/14/17,3.510466750637619,0
11/15/17,4.05168340090427,0
11/16/17,3.1118628915357904,0
11/17/17,4.699648504717045,0
11/18/17,5.125929204379015,0
11/19/17,3.5179861582710834,0
11/20/17,4.023217831093044,0
11/21/17,2.9868867605356986,0
11/22/17,3.4034054831204372,0
11/23/17,2.99939247183307,0
11/24/17,2.9533716851934972,0
11/25/17,2.8752197338673104,0
11/26/17,3.037223799842922,0
11/27/17,3.1112294682074935,0
11/28/17,4.028436761158747,0
11/29/17,3.0147803135880675,0
11/30/17,2.9116758679919017,0
12/1/17,2.9049947281213626,0
12/2/17,2.8741339914433985,0
12/3/17,2.874794230871403,0
12/4/17,5.103454141029843,0
12/5/17,3.769708379356416,0
12/6/17,3.6077173869165384,0
12/7/17,4.037997709136573,0
12/8/17,3.418195253000981,0
12/9/17,3.409143621535107,0
12/10/17,3.284081536241969,0
12/11/17,3.1018811387,0
12/12/17,2.8425402586249113,0
12/13/17,2.9595602185522027,0
12/14/17,4.1175713303079196,0
12/15/17,3.308888273654608,0
12/16/17,2.6097051298768554,0
12/17/17,3.1328019185378495,0
12/18/17,2.9066240088885182,0
12/19/17,2.542269216351713,0
12/20/17,2.755775995116395,0
12/21/17,5.385849685850603,0
12/22/17,3.7066424801842315,0
12/23/17,2.6325356917282856,0
12/24/17,3.0142605334072434,0
12/25/17,2.735128408535074,0
12/26/17,3.2666314605862343,0
12/27/17,2.2082910849488138,0
12/28/17,2.6397024324834484,0
12/29/17,2.6536607914561707,0
12/30/17,2.248829053615199,0
12/31/17,2.5279632547311923,0
1/1/18,2.6542789413544803,0
1/2/18,2.7678908416382106,0
1/3/18,2.580976990328498,0
1/4/18,2.6251998901110833,0
1/5/18,2.5379512475004935,0
1/6/18,2.3177843098607926,0
1/7/18,2.1758392434456066,0
1/8/18,1.9854409813052687,0
1/9/18,1.9470304378896162,0
1/10/18,2.0019592385530465,0
1/11/18,3.000710285583087,0
1/12/18,2.2641625483079926,0
1/13/18,2.1115695997920096,0
1/14/18,2.0332372525103186,0
1/15/18,2.023168721628857,0
1/16/18,2.443647905852645,0
1/17/18,2.290570264512863,0
1/18/18,2.193970753287574,0
1/19/18,2.2609316365544756,0
1/20/18,2.944195110849003,0
1/21/18,5.203997625958018,0
1/22/18,2.773086323701021,0
1/23/18,2.3489680286628745,0
1/24/18,2.20237950484289,0
1/25/18,2.479238423308198,0
1/26/18,3.386709877883232,0
1/27/18,2.6130309450614737,0
1/28/18,2.7187823411254355,0
1/29/18,2.149158339526217,0
1/30/18,2.0125907700688206,0
1/31/18,2.011726408483799,0
2/1/18,2.256549370539596,0
2/2/18,1.8276392078914774,0
2/3/18,1.8278308385693367,0
2/4/18,2.191000900568487,0
2/5/18,1.9572211726038495,0
2/6/18,2.41195193837215,0
2/7/18,2.667626230586274,0
2/8/18,2.2213910251844573,0
2/9/18,2.0974849264859534,0
2/10/18,2.0027819498781705,0
2/11/18,3.214126937819877,0
2/12/18,3.015373360769552,0
2/13/18,1.6857869354069899,0
2/14/18,1.202947757077774,0
2/15/18,2.0657534962665265,0
2/16/18,2.6381935943057546,0
2/17/18,1.956666717128024,0
2/18/18,1.8773982118005192,0
2/19/18,4.281123798324179,0
2/20/18,3.485461782742289,0
2/21/18,2.3987108450324772,0
2/22/18,2.7517366399603214,0
2/23/18,3.1153144478815826,0
2/24/18,3.5898760940867716,0
2/25/18,3.3541669273440085,0
2/26/18,2.171144877851564,0
2/27/18,2.1386137630689372,0
2/28/18,2.8182528110962095,0
3/1/18,2.2119100541549135,0
3/2/18,2.404283335172606,0
3/3/18,3.4123447108044287,0
3/4/18,4.116500089512498,0
3/5/18,2.7384564720309434,0
3/6/18,2.4407534801315185,0
3/7/18,2.4809756208530676,0
3/8/18,2.1167138497176694,0
3/9/18,2.0990462691155245,0
3/10/18,2.078498496240933,0
3/11/18,0.9151081450877742,0
3/12/18,1.1012188175410111,0
3/13/18,1.051205407345921,0
3/14/18,1.0354034082143868,0
3/15/18,2.820648998338027,0
3/16/18,2.277882486704345,0
3/17/18,2.448391495758023,0
3/18/18,3.639592506759342,0
3/19/18,3.1048724642743672,0
3/20/18,2.0833288205713933,0
3/21/18,2.0821202255134295,0
3/22/18,1.0306531436010753,0
3/23/18,1.2801362478828395,0
3/24/18,1.4928041536370862,0
3/25/18,2.5266956305786143,0
3/26/18,3.3972520348188144,0
3/27/18,4.052625971098929,0
3/28/18,2.3750338190831752,0
3/29/18,3.0839485033168827,0
3/30/18,1.9498875795584618,0
3/31/18,2.2074651030106187,0
4/1/18,1.6052311397986665,0
4/2/18,2.0345114508959754,0
4/3/18,4.020226738270449,0
4/4/18,2.741796428541679,0
4/5/18,2.0622329723466386,0
4/6/18,1.3682492112067557,0
4/7/18,0.7870921350872321,0
4/8/18,1.7627544330930143,0
4/9/18,2.7971891932545847,0
4/10/18,2.3658878446799716,0
4/11/18,2.079640937277095,0
4/12/18,3.146890302991744,0
4/13/18,6.935675934745474,0
4/14/18,3.9492438829896117,0
4/15/18,2.598472974553119,0
4/16/18,2.3181401576815324,0
4/17/18,5.383553178041099,0
4/18/18,3.683111016088576,0
4/19/18,3.2739105278249685,0
4/20/18,3.1101885150232556,0
4/21/18,1.9846558212861338,0
4/22/18,2.205170826425326,0
4/23/18,2.295661573102088,0
4/24/18,2.2342140612226884,0
4/25/18,2.893622518470653,0
4/26/18,2.4327952349305932,0
4/27/18,2.5721590380762165,0
4/28/18,2.126598588835093,0
4/29/18,3.232746472629538,0
4/30/18,4.7932261453308005,0
5/1/18,3.400790873942057,0
5/2/18,2.839415491563474,0
5/3/18,2.3854371168319295,0
5/4/18,2.2038989272423946,0
5/5/18,2.405441336302004,0
5/6/18,2.3474486994745587,0
5/7/18,2.346973763353005,0
5/8/18,2.5710136541698385,0
5/9/18,2.23853709257589,0
5/10/18,2.779576160719485,0
5/11/18,4.101777733605339,0
5/12/18,5.100122079490951,0
5/13/18,3.4399581183900168,0
5/14/18,3.421714609031227,0
5/15/18,3.3783464045906615,0
5/16/18,3.245548709785336,0
5/17/18,3.1052900721260337,0
5/18/18,3.798334077263951,0
5/19/18,2.81387139671828,0
5/20/18,3.013488708935761,0
5/21/18,3.4464570824860723,0
5/22/18,3.6417476216643196,0
5/23/18,3.5800603762368723,0
5/24/18,3.48276609806253,0
5/25/18,3.91410499911302,0
5/26/18,4.539553378461426,0
5/27/18,3.7333225868454143,0
5/28/18,3.084108113889942,0
5/29/18,3.6225333247147935,0
5/30/18,2.7808612622085516,0
5/31/18,4.956905231747718,0
6/1/18,4.206551362329895,0
6/2/18,4.426766728063944,0
6/3/18,4.016442395558696,0
6/4/18,3.1317510934994823,0
6/5/18,3.32312219430669,0
6/6/18,3.390272598203849,0
6/7/18,4.160737974092261,0
6/8/18,3.8032851484662125,0
6/9/18,3.8820144869054602,0
6/10/18,4.868050837391654,0
6/11/18,4.435699841834308,0
6/12/18,3.7129087915453014,0
6/13/18,3.6298215990083236,0
6/14/18,3.3556308346753814,0
6/15/18,3.447456991742535,0
6/16/18,2.7919262174663073,0
6/17/18,4.368685709840609,0
6/18/18,4.8698697892713305,0
6/19/18,4.841358674794963,0
6/20/18,4.516208848995756,0
6/21/18,3.703283528956523,0
6/22/18,4.782357277211402,0
6/23/18,4.477802286882585,0
6/24/18,5.657082333233241,0
6/25/18,4.862879734852649,0
6/26/18,3.9766361019047216,0
6/27/18,4.7389092673292375,0
6/28/18,3.8181957410701806,0
6/29/18,4.394563598912818,0
6/30/18,5.05102656449988,0
7/1/18,4.826201656324578,0
7/2/18,4.76543772774312,0
7/3/18,4.279428524005755,0
7/4/18,4.984064064035634,0
7/5/18,4.130362765889351,0
7/6/18,4.624562334986947,0
7/7/18,3.2697232971138055,0
7/8/18,3.112574059374998,0
7/9/18,3.3431723509321243,0
7/10/18,3.5335404737790572,0
7/11/18,3.362787173646381,0
7/12/18,3.0033507377847086,0
7/13/18,2.6702552398797814,0
7/14/18,3.5571231943570294,0
7/15/18,3.084996360521597,0
7/16/18,3.448079470332492,0
7/17/18,3.540286252940067,0
7/18/18,3.869386406428813,0
7/19/18,3.8291943176572083,0
7/20/18,4.362957172861567,0
7/21/18,3.6456858240154664,0
7/22/18,3.192668251033561,0
7/23/18,4.163110904179442,0
7/24/18,4.065653237824426,0
7/25/18,4.150874204339204,0
7/26/18,4.645386619989018,0
7/27/18,4.377059155268178,0
7/28/18,4.584885163080077,0
7/29/18,4.301402463428248,0
7/30/18,4.932198803113119,0
7/31/18,5.471896337878069,0
8/1/18,4.320829267615985,0
8/2/18,3.9902368959881986,0
8/3/18,4.589534688478432,0
8/4/18,4.679557817114343,0
8/5/18,4.49561145071856,0
8/6/18,6.190372680665603,0
8/7/18,5.961447970012181,0
8/8/18,6.18220127692832,0
8/9/18,5.951654732980558,0
8/10/18,5.582744097083764,0
8/11/18,6.075365504423942,0
8/12/18,5.887584168237256,0
8/13/18,5.867505717230041,0
8/14/18,5.600927500598935,0
8/15/18,4.867680129686647,0
8/16/18,4.827407231037843,0
8/17/18,4.7247780997360325,0
8/18/18,4.857507503596699,0
8/19/18,6.1483665654951825,0
8/20/18,5.963936229525284,0
8/21/18,4.8608266052052915,0
8/22/18,4.21800425324592,0
8/23/18,3.489319702776445,0
8/24/18,5.011438137173115,0
8/25/18,4.467744457263643,0
8/26/18,5.8901971227856,0
8/27/18,6.507327527121902,0
8/28/18,6.409300415982498,0
8/29/18,6.159842837108305,0
8/30/18,5.620556858779236,0
8/31/18,5.285540762715902,0
9/1/18,5.20489797885646,0
9/2/18,5.07726349854012,0
9/3/18,5.134420918950931,0
9/4/18,5.172462752196858,0
9/5/18,5.429713935527356,0
9/6/18,4.826227926458129,0
9/7/18,4.786178088582117,0
9/8/18,4.907098671834644,0
9/9/18,5.3625460637585105,0
9/10/18,5.248729457433773,0
9/11/18,5.528609714352796,0
9/12/18,6.211925057836673,0
9/13/18,6.973782626706809,0
9/14/18,5.529352561966936,0
9/15/18,5.639519850797529,0
9/16/18,5.044192405395972,0
9/17/18,4.157155308069767,0
9/18/18,4.678072867739936,0
9/19/18,5.457539039177126,0
9/20/18,5.51684005219531,0
9/21/18,5.717838371226193,0
9/22/18,5.951791577076708,0
9/23/18,5.513800010718113,0
9/24/18,5.317889112632004,0
9/25/18,5.345621774398845,0
9/26/18,5.518744403873912,0
9/27/18,5.461687128746302,0
9/28/18,5.84604533279286,0
9/29/18,5.577106381099731,0
9/30/18,5.518044282219291,0
10/1/18,4.099627450481823,0
10/2/18,4.423822979420516,0
10/3/18,3.0526755204828633,0
10/4/18,4.698440454271223,0
10/5/18,4.36907770683219,0
10/6/18,5.135262726361615,0
10/7/18,4.822683217803018,0
10/8/18,4.075107629838787,0
10/9/18,4.294314856050645,0
10/10/18,5.675360412881185,0
10/11/18,4.601073639319957,0
10/12/18,4.117583007242334,0
10/13/18,4.281285570551888,0
10/14/18,5.294883540104808,0
10/15/18,7.833482495195865,0
10/16/18,5.6586373324676185,0
10/17/18,5.330483272955245,0
10/18/18,3.5771888081388377,0
10/19/18,4.028602455032507,0
10/20/18,4.4932220779029635,0
10/21/18,4.341123270218337,0
10/22/18,4.242070396626111,0
10/23/18,3.383909224067136,0
10/24/18,3.5108817309343903,0
10/25/18,3.8959166781496095,0
10/26/18,3.7503943909815294,0
10/27/18,3.518528001212429,0
10/28/18,3.579005891101279,0
10/29/18,3.885116926837755,0
10/30/18,4.645806633623261,0
10/31/18,5.001463414156593,0
11/1/18,4.77521410765813,0
11/2/18,4.462318573964697,0
11/3/18,4.525520393594193,0
11/4/18,4.75947901954205,0
11/5/18,4.467827695533347,0
11/6/18,4.345702263828707,0
11/7/18,4.416154646875515,0
11/8/18,4.938207444765029,0
11/9/18,4.904741564331979,0
11/10/18,4.037828016659536,0
11/11/18,5.131470621177631,0
11/12/18,5.645046980349177,0
11/13/18,4.1828603686728965,0
11/14/18,3.605459861405437,0
11/15/18,3.5094056894670933,0
11/16/18,3.4222436540851793,0
11/17/18,3.2339686144921864,0
11/18/18,4.145287851356281,0
11/19/18,3.666685932317616,0
11/20/18,3.2225131449442252,0
11/21/18,3.2486005788066477,0
11/22/18,3.532664648800204,0
11/23/18,3.6841532682467206,0
11/24/18,3.95952814653233,0
11/25/18,4.1874978835656,0
11/26/18,3.457032990450325,0
11/27/18,2.9744898060883687,0
11/28/18,3.4212977237751008,0
11/29/18,3.2939946446698047,0
11/30/18,3.460708563582958,0
12/1/18,3.4596975385257775,0
12/2/18,4.218358305686618,0
12/3/18,3.6782941963449125,0
12/4/18,2.971398829551686,0
12/5/18,3.191312761272106,0
12/6/18,2.9778933875886855,0
12/7/18,2.6593469577710773,0
12/8/18,2.487965646137201,0
12/9/18,2.38887998221623,0
12/10/18,2.8849572274707547,0
12/11/18,2.969485617678121,0
12/12/18,2.5985191533015146,0
12/13/18,3.1160942576853614,0
12/14/18,2.7153812813907328,0
12/15/18,2.564980277514216,0
12/16/18,2.5693085425180784,0
12/17/18,2.4836189014607135,0
12/18/18,2.860468919405303,0
12/19/18,2.479863760611749,0
12/20/18,2.6323348590366886,0
12/21/18,2.793337421958647,0
12/22/18,2.8158057001733385,0
12/23/18,2.8177379478234963,0
12/24/18,2.90879349290965,0
12/25/18,3.0274360418736745,0
12/26/18,2.6136674387510377,0
12/27/18,3.20441591514755,0
12/28/18,2.8783616199847453,0
12/29/18,2.9869922398197204,0
12/30/18,2.5789370765598467,0
12/31/18,2.5445345241420245,0
1/1/19,3.0212442995133504,0
1/2/19,2.6411857144074897,0
1/3/19,2.271411491532795,0
1/4/19,2.5305696661019677,0
1/5/19,2.1812278557207,0
1/6/19,1.9952601164868884,0
1/7/19,2.267409392049319,0
1/8/19,1.903271890342013,0
1/9/19,1.8819447734924102,0
1/10/19,1.886326849922921,0
1/11/19,1.8341969205587014,0
1/12/19,2.131625181661911,0
1/13/19,2.427504524574285,0
1/14/19,2.2687802120116984,0
1/15/19,1.950109561176089,0
1/16/19,1.6022238927268386,0
1/17/19,1.9519116037039277,0
1/18/19,2.3472249683177333,0
1/19/19,2.43311816038845,0
1/20/19,1.8691668264834211,0
1/21/19,2.639004709079769,0
1/22/19,4.110710198806337,0
1/23/19,2.8459185382594847,0
1/24/19,2.3468069814266257,0
1/25/19,2.2468513755446415,0
1/26/19,2.3431345257735376,0
1/27/19,1.9812263266819174,0
1/28/19,2.0631333353851096,0
1/29/19,1.9052849184386833,0
1/30/19,2.144704888634579,0
1/31/19,2.156945482800166,0
2/1/19,1.79127043540748,0
2/2/19,1.747915412299509,0
2/3/19,1.8445409948213805,0
2/4/19,1.9886140097049203,0
2/5/19,2.6774191380684846,0
2/6/19,3.6107177712877974,0
2/7/19,3.171312683954984,0
2/8/19,2.234636931755206,0
2/9/19,2.118093954575488,0
2/10/19,2.423125302834375,0
2/11/19,4.176273234937799,0
2/12/19,2.4199712390260344,0
2/13/19,2.0117544363065494,0
2/14/19,1.9383323178521923,0
2/15/19,1.7007358894286055,0
2/16/19,2.5324280242195325,0
2/17/19,2.3546022049322435,0
2/18/19,2.212714813225387,0
2/19/19,2.2215392574549124,0
2/20/19,2.5620034618285468,0
2/21/19,1.9883431663992117,0
2/22/19,1.9832958388686357,0
2/23/19,2.814988284699315,0
2/24/19,2.116208516785972,0
2/25/19,2.122747389413329,0
2/26/19,1.953560478440078,0
2/27/19,1.4039332783050607,0
2/28/19,1.4519441045438783,0
3/1/19,1.4033086845754414,0
3/2/19,1.1034077677210123,0
3/3/19,1.0023442856530842,0
3/4/19,1.3619789537424847,0
3/5/19,1.5022806312635284,0
3/6/19,1.0857837063082811,0
3/7/19,1.279093792138553,0
3/8/19,1.5640712360184805,0
3/9/19,2.237699557534232,0
3/10/19,2.1835741623453715,0
3/11/19,1.9948465288897934,0
3/12/19,1.0805719712345159,0
3/13/19,3.140490192218081,0
3/14/19,2.9583541950697305,0
3/15/19,2.680297449389314,0
3/16/19,2.5342788760101116,0
3/17/19,2.125580619028232,0
3/18/19,1.8777124694626537,0
3/19/19,1.762912030874326,0
3/20/19,2.892453504289352,0
3/21/19,1.9591185382802223,0
3/22/19,1.8565126020810745,0
3/23/19,1.6332850705438986,0
3/24/19,1.5904119230113654,0
3/25/19,2.1785868413895173,0
3/26/19,1.8966922710759297,0
3/27/19,1.479941071899921,0
3/28/19,1.9387028926170937,0
3/29/19,3.1751683251385034,0
3/30/19,2.879424542305547,0
3/31/19,2.658727249432293,0
4/1/19,2.2530829495293,0
4/2/19,2.0339407985757614,0
4/3/19,1.5461891291547618,0
4/4/19,1.7536194188429786,0
4/5/19,2.0731882453748245,0
4/6/19,1.4855325067077554,0
4/7/19,1.8279637629945458,0
4/8/19,1.7826031327331964,0
4/9/19,1.571987078898112,0
4/10/19,5.203441355038608,0
4/11/19,4.754656791004649,0
4/12/19,2.5684026830433018,0
4/13/19,2.5020495891718566,0
4/14/19,2.550260805792111,0
4/15/19,2.16921182528994,0
4/16/19,2.659930179229299,0
4/17/19,2.187074705516005,0
4/18/19,2.291565896795617,0
4/19/19,2.1628401725049815,0
4/20/19,1.9598173178547498,0
4/21/19,2.6017871056900437,0
4/22/19,1.9901349577734029,0
4/23/19,2.0295316426403556,0
4/24/19,2.001814402227922,0
4/25/19,1.787006196066392,0
4/26/19,1.7842669740857469,0
4/27/19,2.0196428071799057,0
4/28/19,2.4733068510910914,0
4/29/19,2.027618385781689,0
4/30/19,2.053120406265147,0
5/1/19,2.7495905815394015,0
5/2/19,2.3277219691213906,0
5/3/19,2.909979006564392,0
5/4/19,2.993143890113087,0
5/5/19,2.5170745176538847,0
5/6/19,2.7175408969970523,0
5/7/19,2.6864970794353686,0
5/8/19,3.4134406547985376,0
5/9/19,2.33142796810607,0
5/10/19,2.8085310028915265,0
5/11/19,2.043520035660514,0
5/12/19,2.1478921240751574,0
5/13/19,2.752050634773048,0
5/14/19,2.7117228108274287,0
5/15/19,2.3678324376977473,0
5/16/19,2.822155214285984,0
5/17/19,6.035205794403422,0
5/18/19,4.268396328505034,0
5/19/19,3.827456840230313,0
5/20/19,3.5933472569266294,0
5/21/19,3.1933392496036275,0
5/22/19,3.3397131283222334,0
5/23/19,3.5487619925390006,0
5/24/19,3.1769016899650593,0
5/25/19,2.919021328520793,0
5/26/19,3.645803920346306,0
5/27/19,4.23624086536781,0
5/28/19,3.0690274302980396,0
5/29/19,2.8422462727126345,0
5/30/19,2.8937268571055235,0
5/31/19,2.8295652226784966,0
6/1/19,3.387032742708614,0
6/2/19,3.1632115128132363,0
6/3/19,3.1815248163271534,0
6/4/19,2.9247333119012735,0
6/5/19,2.9300205601573985,0
6/6/19,2.7555207236239863,0
6/7/19,3.3769700599956485,0
6/8/19,3.7521405359298314,0
6/9/19,6.223320306083633,0
6/10/19,4.136483700047841,0
6/11/19,3.7341898772051185,0
6/12/19,3.4253102034620198,0
6/13/19,2.9909347992087936,0
6/14/19,3.257166070600322,0
6/15/19,3.097881194707798,0
6/16/19,3.0607164044158974,0
6/17/19,2.8490654726231663,0
6/18/19,2.8229005106409564,0
6/19/19,3.10848442441291,0
6/20/19,4.216662349219562,0
6/21/19,5.051299160536327,0
6/22/19,5.16708659519716,0
6/23/19,5.575631817205248,0
6/24/19,4.677950160489992,0
6/25/19,4.025937102106936,0
6/26/19,4.96580810878527,0
6/27/19,5.170358230320565,0
6/28/19,4.64392816939022,0
6/29/19,4.485679553892853,0
6/30/19,2.9851103686400964,0
7/1/19,3.194570294326439,0
7/2/19,4.078739147103343,0
7/3/19,4.310407699438437,0
7/4/19,3.8265234824313,0
7/5/19,4.39750983356856,0
7/6/19,4.842140431323623,0
7/7/19,4.092785869664999,0
7/8/19,4.481842389323505,0
7/9/19,4.184060691245938,0
7/10/19,4.5708643487682075,0
7/11/19,4.045454063463024,0
7/12/19,3.2602840095743657,0
7/13/19,3.6366483163946812,0
7/14/19,3.4820772845940513,0
7/15/19,3.012120260191242,0
7/16/19,3.6700103097857224,0
7/17/19,4.324179671411666,0
7/18/19,5.2789778243177095,0
7/19/19,4.5967383484927025,0
7/20/19,4.965587748029525,0
7/21/19,4.6795053471849455,0
7/22/19,4.2007814211864325,0
7/23/19,3.9243377928080525,0
7/24/19,3.1578373379875515,0
7/25/19,3.2987673624703304,0
7/26/19,3.086008905914479,0
7/27/19,2.583071714022937,0
7/28/19,3.842488767529025,0
7/29/19,4.439866458552302,0
7/30/19,3.5190915227348056,0
7/31/19,3.874645137558418,0
8/1/19,3.3609889742037815,0
8/2/19,3.4482918321316554,0
8/3/19,3.8140545266320873,0
8/4/19,3.7700870769119232,0
8/5/19,3.0512951943334823,0
8/6/19,3.2630041877518234,0
8/7/19,4.199418340433159,0
8/8/19,4.328486029993702,0
8/9/19,4.5732202456027355,0
8/10/19,4.239733754306806,0
8/11/19,4.795506907847406,0
8/12/19,5.470175985926927,0
8/13/19,5.19178126085537,0
8/14/19,5.7253129735114365,0
8/15/19,5.120067148148391,0
8/16/19,5.095400788637062,0
8/17/19,5.644458758928856,0
8/18/19,5.671129223814734,0
8/19/19,5.4880288601993605,0
8/20/19,5.966022314499212,0
8/21/19,5.837265497102428,0
8/22/19,5.275225964358615,0
8/23/19,5.181357625321438,0
8/24/19,5.046947828256297,0
8/25/19,5.33553076060007,0
8/26/19,4.97503011843838,0
8/27/19,5.101548365592261,0
8/28/19,5.073911356264445,0
8/29/19,4.87219228466144,0
8/30/19,4.664436034511273,0
8/31/19,4.887788843913864,0
9/1/19,5.498828220999867,0
9/2/19,4.977635962927728,0
9/3/19,4.309050321265212,0
9/4/19,4.057039530426418,0
9/5/19,4.335298419001194,0
9/6/19,4.723104472709833,0
9/7/19,4.498705008893924,0
9/8/19,6.263550119471061,0
9/9/19,5.400474274707969,0
9/10/19,6.241200809938381,0
9/11/19,8.443595093917569,0
9/12/19,6.170506717920809,0
9/13/19,6.084489853441239,0
9/14/19,5.716736696351103,0
9/15/19,5.241304660398014,0
9/16/19,5.870111279750549,0
9/17/19,7.229803335158869,0
9/18/19,5.982011195228927,0
9/19/19,7.756427013030179,0
9/20/19,8.085374511336077,0
9/21/19,5.689509016851585,0
9/22/19,6.039912381473245,0
9/23/19,6.002400179716911,0
9/24/19,5.025598847869584,0
9/25/19,5.125870572305768,0
9/26/19,4.69272550124386,0
9/27/19,4.400792769852937,0
9/28/19,5.377140421022946,0
9/29/19,9.470039189651532,0
9/30/19,6.640612693044396,0
10/1/19,5.727333439669104,0
10/2/19,5.805645925848068,0
10/3/19,5.484684674397163,0
10/4/19,5.438380021994828,0
10/5/19,5.794467073777114,0
10/6/19,6.100413078708357,0
10/7/19,5.766069370564388,0
10/8/19,5.138841140851233,0
10/9/19,5.241013048096559,0
10/10/19,8.706769740148884,0
10/11/19,5.9078059821149465,0
10/12/19,5.074438442815781,0
10/13/19,4.414104720245984,0
10/14/19,5.091368451921266,0
10/15/19,5.046573455529518,0
10/16/19,4.844940970012974,0
10/17/19,4.305925023786718,0
10/18/19,5.636108030151531,0
10/19/19,5.754649043460308,0
10/20/19,6.60898628595838,0
10/21/19,5.916881121153727,0
10/22/19,4.6655226900826605,0
10/23/19,4.383625407712266,0
10/24/19,7.285277346623986,0
10/25/19,5.095271383107196,0
10/26/19,3.534054789177943,0
10/27/19,5.769305741281087,0
10/28/19,5.473419192499778,0
10/29/19,4.869777587595595,0
10/30/19,5.579533840453375,0
10/31/19,3.7057858830315964,0
11/1/19,3.493178842666755,0
11/2/19,3.878722722060262,0
11/3/19,3.6820227395955,0
11/4/19,3.3649820958716643,0
11/5/19,3.684336289587792,0
11/6/19,3.9336745175674688,0
11/7/19,3.7355998771874286,0
11/8/19,3.8011699674055874,0
11/9/19,3.4454037783856157,0
11/10/19,3.344735135609785,0
11/11/19,3.7451745255229385,0
11/12/19,4.135617435492526,0
11/13/19,3.86006566851516,0
11/14/19,3.1211943145455816,0
11/15/19,3.4799255322884277,0
11/16/19,3.538285483433098,0
11/17/19,3.5512983193275325,0
11/18/19,3.1091825686227694,0
11/19/19,3.059297204075312,0
11/20/19,3.0483515419071834,0
11/21/19,3.5197233965097885,0
11/22/19,3.2763466905947536,0
11/23/19,3.080098564138173,0
11/24/19,3.105413368177049,0
11/25/19,3.3338794169397987,0
11/26/19,6.261553136976265,0
11/27/19,4.335763431490489,0
11/28/19,5.714033308744828,0
11/29/19,5.142339841416187,0
11/30/19,4.312924726411873,0
12/1/19,2.7578384023200626,0
12/2/19,2.4409250561515954,0
12/3/19,2.421515993918093,0
12/4/19,2.351635263354812,0
12/5/19,2.5890005182240525,0
12/6/19,2.539616252553606,0
12/7/19,2.58370373253781,0
12/8/19,2.227428088635908,0
12/9/19,2.8273870372931214,0
12/10/19,3.003736226339713,0
12/11/19,2.4133569146809046,0
12/12/19,2.4442395507638692,0
12/13/19,2.3861887753471267,0
12/14/19,2.2760812825092027,0
12/15/19,3.179258424559092,0
12/16/19,3.7862298509069285,0
12/17/19,2.991580923162575,0
12/18/19,2.936101143134679,0
12/19/19,2.8575895251039736,0
12/20/19,2.620945943477906,0
12/21/19,2.2859496151718264,0
12/22/19,2.448837972830849,0
12/23/19,2.1899535651739006,0
12/24/19,2.0819592890002774,0
12/25/19,2.038608700511669,0
12/26/19,2.366571032392109,0
12/27/19,2.5372174341898766,0
12/28/19,2.976854027609985,0
12/29/19,3.332927653054679,0
12/30/19,2.8418373509658883,0
12/31/19,2.514698276396793,0
1/1/20,2.479737371429516,0
1/2/20,2.569232734934858,0
1/3/20,2.493372628651012,0
1/4/20,2.2675425443006096,0
1/5/20,2.2341111784105165,0
1/6/20,2.2441293317796416,0
1/7/20,1.9713839751616158,0
1/8/20,2.2570926094946064,0
1/9/20,1.936567169701513,0
1/10/20,2.658041013500247,0
1/11/20,2.6597697629608534,0
1/12/20,2.4794906137773847,0
1/13/20,2.4079119103239215,0
1/14/20,2.499718363838317,0
1/15/20,2.057355061832106,0
1/16/20,2.059531757554242,0
1/17/20,2.9183006658540407,0
1/18/20,2.428523291402803,0
1/19/20,2.181324074733963,0
1/20/20,2.3229603269518937,0
1/21/20,1.9255435215313657,0
1/22/20,1.7615429931856919,0
1/23/20,1.9265478788438075,0
1/24/20,1.7450115355872926,0
1/25/20,1.8920742575017302,0
1/26/20,1.7332748095931072,0
1/27/20,1.7691045380411954,0
1/28/20,2.4109523210484487,0
1/29/20,1.6780889588351922,0
1/30/20,2.2872287865278977,0
1/31/20,2.332856726433634,0
2/1/20,1.8804130275150965,0
2/2/20,1.7312005243846995,0
2/3/20,3.6844038826536787,0
2/4/20,3.6026801266246933,0
2/5/20,2.9728502866300857,0
2/6/20,2.5641116645490305,0
2/7/20,2.2208532651917303,0
2/8/20,2.1890513601595942,0
2/9/20,2.5040376794247403,0
2/10/20,2.3365645767680445,0
2/11/20,3.2493236584611496,0
2/12/20,2.4447564858937487,0
2/13/20,2.2953376543711292,0
2/14/20,2.1802107962370276,0
2/15/20,2.3062246149633636,0
2/16/20,2.1337739699134493,0
2/17/20,1.9321402370677865,0
2/18/20,2.403361363681437,0
2/19/20,2.0876614602239165,0
2/20/20,2.9311042889959347,0
2/21/20,2.2340997832798353,0
2/22/20,1.6039418953514428,0
2/23/20,1.4487119293347588,0
2/24/20,1.9590841373563874,0
2/25/20,4.097543074309515,0
2/26/20,2.3819696580844494,0
2/27/20,1.9601262893855906,0
2/28/20,1.8548959866848416,0
2/29/20,2.148974930898204,0
3/1/20,2.2150825680273045,0
3/2/20,1.8873663436873995,0
3/3/20,2.3076119048989248,0
3/4/20,2.2479475887734326,0
3/5/20,2.1306470812292986,0
3/6/20,2.029535579815725,0
3/7/20,1.5917873660867219,0
3/8/20,1.5511484994558813,0
3/9/20,1.5738291343533855,0
3/10/20,1.5140314700336883,0
3/11/20,0.8586773592444791,0
3/12/20,0.7172683353687028,0
3/13/20,1.2686402577144125,0
3/14/20,2.373634379337533,0
3/15/20,1.6661912601032483,0
3/16/20,1.7489508250107568,0
3/17/20,2.0949234722789356,0
3/18/20,2.273220343693938,0
3/19/20,2.234004735396609,0
3/20/20,1.8029264027014944,0
3/21/20,1.7007132774116713,0
3/22/20,2.0864211567398727,0
3/23/20,1.986143001744442,0
3/24/20,1.6712977732784773,0
3/25/20,1.937324409582374,0
3/26/20,3.2110899292587294,0
3/27/20,3.200007481187093,0
3/28/20,2.993085818138757,0
3/29/20,1.9970977161854022,0
3/30/20,2.1392333053616057,0
3/31/20,2.2763789334296956,0
4/1/20,1.833814120553909,0
4/2/20,2.443858056391759,0
4/3/20,3.0883254979583157,0
4/4/20,2.563547926076145,0
4/5/20,2.481420250026021,0
4/6/20,3.3173904943566224,0
4/7/20,2.788895028590138,0
4/8/20,2.185146901478106,0
4/9/20,2.409440163179089,0
4/10/20,2.3991009604396876,0
4/11/20,2.4230162312889023,0
4/12/20,2.761835643311397,0
4/13/20,3.3112928681393305,0
4/14/20,3.7901315821971093,0
4/15/20,3.29536978823103,0
4/16/20,2.857079387272838,0
4/17/20,3.475214741192171,0
4/18/20,2.1258506732954574,0
4/19/20,2.185677836674535,0
4/20/20,1.951546256097117,0
4/21/20,1.8092241388072645,0
4/22/20,1.8523385150221714,0
4/23/20,2.3643877744618753,0
4/24/20,2.3638210669210244,0
4/25/20,2.011958771501797,0
4/26/20,2.134576846579639,0
4/27/20,1.9316606082551175,0
4/28/20,2.075520181892105,0
4/29/20,1.9857958342244284,0
4/30/20,1.632504823825791,0
5/1/20,2.108886311308866,0
5/2/20,2.3474405690694278,0
5/3/20,2.2252006812671326,0
5/4/20,3.3171387353013753,0
5/5/20,2.827856961254814,0
5/6/20,2.40736301079662,0
5/7/20,3.2616423007760766,0
5/8/20,2.887660815941379,0
5/9/20,3.2486877466637005,0
5/10/20,2.5377526658407197,0
5/11/20,2.9011412494475612,0
5/12/20,3.4406429255743145,0
5/13/20,3.79115712944569,0
5/14/20,3.0797409941983984,0
5/15/20,3.0140290123223954,0
5/16/20,2.690873943713696,0
5/17/20,2.920395510567571,0
5/18/20,4.326445091232209,0
5/19/20,5.279105278028289,0
5/20/20,5.397869804409624,0
5/21/20,4.531401670393364,0
5/22/20,3.9554889532756685,0
5/23/20,4.571615748491266,0
5/24/20,5.376218679133971,0
5/25/20,4.344541786017751,0
5/26/20,3.5528180966578393,0
5/27/20,2.979316426252643,0
5/28/20,2.328434848658197,0
5/29/20,1.6901047168120453,0
5/30/20,2.382724067820254,0
5/31/20,2.515738921032429,0
6/1/20,3.2844694059633666,0
6/2/20,3.2202205299322726,0
6/3/20,2.191726730748837,0
6/4/20,3.1708453619380363,0
6/5/20,2.68369786800878,0
6/6/20,6.103924882814301,0
6/7/20,5.662735483921831,0
6/8/20,6.95143160897747,0
6/9/20,4.65034354565087,0
6/10/20,4.228136257117564,0
6/11/20,3.820520922113977,0
6/12/20,4.28572698387095,0
6/13/20,5.48719519849328,0
6/14/20,4.13296743349333,0
6/15/20,4.109729715801764,0
6/16/20,5.307007759815438,0
6/17/20,4.960417560082309,0
6/18/20,5.366877664426888,0
6/19/20,4.42811858769982,0
6/20/20,4.053127066865355,0
6/21/20,4.039746974975775,0
6/22/20,3.823024564264461,0
6/23/20,3.6169244026405285,0
6/24/20,3.6664866230638813,0
6/25/20,3.7493914244836786,0
6/26/20,3.6197917342139347,0
6/27/20,3.6808317775885344,0
6/28/20,4.630306006883736,0
6/29/20,6.962171643546104,0
6/30/20,5.798393701859686,0
7/1/20,5.232379253363129,0
7/2/20,4.969933214282432,0
7/3/20,3.667257423121621,0
7/4/20,3.3696397469649524,0
7/5/20,4.208183583020873,0
7/6/20,4.227295837209562,0
7/7/20,5.329488784474006,0
7/8/20,4.517763863980273,0
7/9/20,5.120078339818331,0
7/10/20,5.002512650627595,0
7/11/20,3.909002145052329,0
7/12/20,3.8115930003418033,0
7/13/20,3.971890954210275,0
7/14/20,4.28764330502889,0
7/15/20,4.324019230949273,0
7/16/20,4.213190177400287,0
7/17/20,4.5808004573349335,0
7/18/20,4.4194442480289,0
7/19/20,4.611709303974953,0
7/20/20,4.034233618916274,0
7/21/20,4.6862721749112755,0
7/22/20,4.9246745093662385,0
7/23/20,3.8030131653755626,0
7/24/20,3.6113629274166823,0
7/25/20,4.073106084800519,0
7/26/20,4.515622338522466,0
7/27/20,3.677435979963669,0
7/28/20,3.5501392529796933,0
7/29/20,5.051289426525924,0
7/30/20,5.144325400583439,0
7/31/20,4.846969518298328,0
8/1/20,4.558715056824713,0
8/2/20,4.792833679920544,0
8/3/20,4.984447828873738,0
8/4/20,5.1406970118867035,0
8/5/20,5.213449720622464,0
8/6/20,6.209988041365282,0
8/7/20,5.5448475191869715,0
8/8/20,5.881985742161074,0
8/9/20,5.282075043442739,0
8/10/20,5.676276454010701,0
8/11/20,5.284364544581296,0
8/12/20,5.638254721435755,0
8/13/20,6.142090940669465,0
8/14/20,4.467939979217005,0
8/15/20,5.098825448825884,0
8/16/20,5.330138404280513,0
8/17/20,4.942140803409561,0
8/18/20,5.124026960103156,0
8/19/20,4.904866347183984,0
8/20/20,4.25779829256141,0
8/21/20,4.952717968147126,0
8/22/20,3.9414795237910796,0
8/23/20,4.30566316640413,0
8/24/20,4.512019969090076,0
8/25/20,4.613803436723528,0
8/26/20,4.712869260507024,0
8/27/20,5.030618712374751,0
8/28/20,4.654820097035246,0
8/29/20,4.87638442014599,0
8/30/20,4.934494525241164,0
8/31/20,5.506048924020638,0
9/1/20,6.358090970680561,0
9/2/20,5.337523847331126,0
9/3/20,5.703733676420694,0
9/4/20,5.240032996493001,0
9/5/20,5.69597477551321,0
9/6/20,5.598322023337819,0
9/7/20,5.738133723120156,0
9/8/20,8.550899510088675,0
9/9/20,8.830828368700127,0
9/10/20,5.415474547881839,0
9/11/20,5.40302614967252,0
9/12/20,5.008588017610135,0
9/13/20,5.792256974043644,0
9/14/20,5.782439125132921,0
9/15/20,5.2161679986456155,0
9/16/20,5.6702581217666035,0
9/17/20,5.2114783672614235,0
9/18/20,5.293692163646984,0
9/19/20,6.201154454775035,0
9/20/20,4.353783859226646,0
9/21/20,5.1396490038883575,0
9/22/20,4.7066078484730935,0
9/23/20,4.552878147419343,0
9/24/20,5.315070767417008,0
9/25/20,4.830029125227211,0
9/26/20,5.703975956936295,0
9/27/20,6.290202248169431,0
9/28/20,7.041679012321908,0
9/29/20,5.455218566787938,0
9/30/20,4.2125264610313655,0
10/1/20,4.393267914161611,0
10/2/20,5.684316817228846,0
10/3/20,4.939135891668827,0
10/4/20,5.426422315787378,0
10/5/20,5.65914936463759,0
10/6/20,5.369159243103407,0
10/7/20,4.8733539219493665,0
10/8/20,4.803547210344943,0
10/9/20,4.803116606890726,0
10/10/20,4.495466048785805,0
10/11/20,5.35239571523951,0
10/12/20,5.324285510000316,0
10/13/20,4.991413965611444,0
10/14/20,4.890062689136385,0
10/15/20,4.886710069749494,0
10/16/20,5.258013777822212,0
10/17/20,4.949159373751778,0
10/18/20,5.148704421947337,0
10/19/20,4.258484382425013,0
10/20/20,4.514952959398444,0
10/21/20,4.5784026525649315,0
10/22/20,5.026773248841998,0
10/23/20,4.319721606587914,0
10/24/20,4.603972765035754,0
10/25/20,5.004581509262921,0
10/26/20,7.974384063927571,0
10/27/20,4.852843603323737,0
10/28/20,4.38994504963356,0
10/29/20,4.06260978687863,0
10/30/20,3.5919298648595035,0
10/31/20,4.0778583093521155,0
11/1/20,4.446451858461949,0
11/2/20,4.030284477335312,0
11/3/20,4.05271679996367,0
11/4/20,3.927061209713223,0
11/5/20,3.8743918255891585,0
11/6/20,3.67846337205574,0
11/7/20,7.961678371806586,0
11/8/20,4.333985449887198,0
11/9/20,4.196134100160563,0
11/10/20,4.0328377123700365,0
11/11/20,3.566172781850293,0
11/12/20,3.5262368333373986,0
11/13/20,3.4138586713103267,0
11/14/20,3.932355233743623,0
11/15/20,4.021894545053003,0
11/16/20,3.615088693450924,0
11/17/20,3.2325188332218686,0
11/18/20,3.5516554882612965,0
11/19/20,3.9644026460770148,0
11/20/20,3.6293854010423283,0
11/21/20,3.490411393633454,0
11/22/20,3.436466059596945,0
11/23/20,3.430434600416176,0
11/24/20,4.254761266225134,0
11/25/20,3.577717233587347,0
11/26/20,3.6307557513712547,0
11/27/20,4.642492501231451,0
11/28/20,3.7305720304255394,0
11/29/20,2.9376701764474804,0
11/30/20,3.506793010198545,0
12/1/20,3.423714623594476,0
12/2/20,4.069252229806491,0
12/3/20,3.52870409315814,0
12/4/20,2.957169886935598,0
12/5/20,2.8218229406169253,0
12/6/20,2.86312180085041,0
12/7/20,3.11186749199134,0
12/8/20,3.0143889273496174,0
12/9/20,3.1152450837846297,0
12/10/20,3.4314460900230292,0
12/11/20,2.715045910998433,0
12/12/20,3.6098287979258266,0
12/13/20,3.114809372071853,0
12/14/20,3.6648051331335134,0
12/15/20,2.6515669505549906,0
12/16/20,2.496139354228902,0
12/17/20,2.447676122592148,0
12/18/20,2.910931324204099,0
12/19/20,2.679250282880581,0
12/20/20,2.380088563656169,0
12/21/20,2.5896914721085835,0
12/22/20,2.4719898438681636,0
12/23/20,4.861112837444722,0
12/24/20,2.9840391325926587,0
12/25/20,2.8504536093381176,0
12/26/20,2.580212129796403,0
12/27/20,2.610883964267426,0
12/28/20,2.6217842310011994,0
12/29/20,2.2895337908517845,0
12/30/20,2.721469103663709,0
12/31/20,2.696057497268236,0
1/1/21,2.2611802090908957,0
1/2/21,2.451633518785971,0
1/3/21,2.1592110192972167,0
1/4/21,2.4770325403673303,0
1/5/21,2.1534535564776993,0
1/6/21,2.506990018312437,0
1/7/21,2.6792237594832167,0
1/8/21,2.5462590822210287,0
1/9/21,2.361189404810315,0
1/10/21,2.667901707944499,0
1/11/21,2.182699606109142,0
1/12/21,2.369269016142914,0
1/13/21,1.944641520239876,0
1/14/21,2.0119900521397773,0
1/15/21,2.0116806238688656,0
1/16/21,2.391122619129627,0
1/17/21,2.149392270531708,0
1/18/21,1.8989937032313933,0
1/19/21,4.18523653144526,0
1/20/21,2.2851727374974535,0
1/21/21,1.9425969097267008,0
1/22/21,1.6476619769978804,0
1/23/21,2.3069004951910617,0
1/24/21,1.8788908594526958,0
1/25/21,1.9179448209251309,0
1/26/21,2.5167105091906734,0
1/27/21,2.709865306961507,0
1/28/21,2.161357833813198,0
1/29/21,1.9158245988266385,0
1/30/21,2.441170125002588,0
1/31/21,2.0816550281338193,0
2/1/21,1.8732935257956493,0
2/2/21,1.564754181931244,0
2/3/21,1.4349641289029769,0
2/4/21,2.7043119676106304,0
2/5/21,2.6535674192431244,0
2/6/21,2.6085269840234746,0
2/7/21,2.2752628460382525,0
2/8/21,2.1303544957939557,0
2/9/21,1.9421125058777315,0
2/10/21,1.989460909341058,0
2/11/21,1.834053368877881,0
2/12/21,1.5677766711384982,0
2/13/21,1.645592106950528,0
2/14/21,3.140904289339333,0
2/15/21,2.4562270601693847,0
2/16/21,2.6829626227847254,0
2/17/21,3.4894822046328837,0
2/18/21,2.8142939033728047,0
2/19/21,2.278301260089339,0
2/20/21,2.178608244176513,0
2/21/21,2.97136647524315,0
2/22/21,2.3080979662887815,0
2/23/21,1.6466593904702636,0
2/24/21,2.0751998722275085,0
2/25/21,3.309363986783594,0
2/26/21,2.4500915776203485,0
2/27/21,3.9031147722708517,0
2/28/21,4.0217155929335044,0
3/1/21,2.505877891099326,0
3/2/21,2.29474542257734,0
3/3/21,2.399457112197291,0
3/4/21,2.351267595762803,0
3/5/21,1.9857209812232626,0
3/6/21,1.785121604132638,0
3/7/21,1.7608717515889765,0
3/8/21,1.9688153046952694,0
3/9/21,2.09060100960098,0
3/10/21,2.6996100460045085,0
3/11/21,1.8728749424579578,0
3/12/21,1.8614660209706644,0
3/13/21,2.3872790298928077,0
3/14/21,3.75705622854347,0
3/15/21,1.6848835514085982,0
3/16/21,2.9186258135686085,0
3/17/21,1.8197653353118706,0
3/18/21,1.4051205944652199,0
3/19/21,1.6284257194250282,0
3/20/21,1.8257365750440673,0
3/21/21,2.3314213665366723,0
3/22/21,3.380041471645463,0
3/23/21,2.23426854108711,0
3/24/21,3.0772214723954314,0
3/25/21,2.644049498253531,0
3/26/21,1.878032952490475,0
3/27/21,1.7334029036203393,0
3/28/21,1.4194342595542861,0
3/29/21,1.7825749740926158,0
3/30/21,3.5754828374122978,0
3/31/21,3.205217298328838,0
4/1/21,2.3755979847465785,0
4/2/21,1.8182340448103607,0
4/3/21,1.556877025909096,0
4/4/21,1.4281678801468933,0
4/5/21,1.1804373116388298,0
4/6/21,3.802376380305268,0
4/7/21,2.478973973980855,0
4/8/21,1.9696447255476655,0
4/9/21,2.8354384982103378,0
4/10/21,2.597487756818693,0
4/11/21,2.5286832890431037,0
4/12/21,2.251434269190732,0
4/13/21,2.2719106029573153,0
4/14/21,3.5808509477282646,0
4/15/21,3.790361191465352,0
4/16/21,2.8508296279878165,0
4/17/21,3.2274838793315808,0
4/18/21,3.8127689037607806,0
4/19/21,2.8703371610025434,0
4/20/21,3.824730471731609,0
4/21/21,3.9464952059361647,0
4/22/21,3.0527542339657527,0
4/23/21,2.4650557334083563,0
4/24/21,2.9263591214633218,0
4/25/21,3.2974714073422087,0
4/26/21,4.4579552024845,0
4/27/21,2.3064980216422883,0
4/28/21,2.507620267671937,0
4/29/21,2.9098090585197927,0
4/30/21,1.8062718909825644,0
5/1/21,1.520013800702068,0
5/2/21,2.392698022547126,0
5/3/21,2.711221656159834,0
5/4/21,2.603952630308394,0
5/5/21,2.8426627314926294,0
5/6/21,2.7988233340834174,0
5/7/21,2.2229080329810023,0
5/8/21,3.347425911679964,0
5/9/21,3.356563961303652,0
5/10/21,3.5227688053437696,0
5/11/21,3.6868059512196023,0
5/12/21,2.981815493948809,0
5/13/21,2.74707140675771,0
5/14/21,2.4676070719044345,0
5/15/21,2.674572272738399,0
5/16/21,3.819611673323516,0
5/17/21,3.5298617817710602,0
5/18/21,3.6469044208067727,0
5/19/21,3.001193576949579,0
5/20/21,4.47598875560645,0
5/21/21,7.135986079455929,0
5/22/21,5.849675019038622,0
5/23/21,5.085791474641167,0
5/24/21,4.160012955141745,0
5/25/21,3.595654749547065,0
5/26/21,2.943995080522694,0
5/27/21,3.4602855380354387,0
5/28/21,2.9751741087744628,0
5/29/21,3.1442273235510503,0
5/30/21,2.885505324971224,0
5/31/21,3.0331759980006017,0
6/1/21,3.001366571256976,0
6/2/21,2.8741720844142367,0
6/3/21,2.667092623469891,0
6/4/21,2.7340289199260956,0
6/5/21,3.251087212310094,0
6/6/21,3.154991510654877,0
6/7/21,3.326102934480707,0
6/8/21,4.356063386459802,0
6/9/21,3.809469902739015,0
6/10/21,5.049019938380606,0
6/11/21,4.772822407195643,0
6/12/21,3.8327468050929245,0
6/13/21,3.403459657420724,0
6/14/21,3.1817090983777896,0
6/15/21,2.541279557645414,0
6/16/21,2.6078136587872156,0
6/17/21,1.697946183176514,0
6/18/21,2.069806734646084,0
6/19/21,2.4119780057707447,0
6/20/21,3.0140128878664685,0
6/21/21,3.111969562072427,0
6/22/21,4.3537429233276015,0
6/23/21,3.9966097375699947,0
6/24/21,4.22299351267831,0
6/25/21,3.9947389292364397,0
6/26/21,3.4460797519870963,0
6/27/21,5.502806124779399,0
6/28/21,5.994214242661813,0
6/29/21,4.355398038302838,0
6/30/21,3.3497876406388105,0
7/1/21,3.3839005412935723,0
7/2/21,3.462346477860586,0
7/3/21,3.1590503824819063,0
7/4/21,2.33863996184299,0
7/5/21,3.019474934389808,0
7/6/21,3.285900233637923,0
7/7/21,3.6473093976117315,0
7/8/21,3.6294196458152594,0
7/9/21,3.0941130640735195,0
7/10/21,2.875188255142545,0
7/11/21,2.845377535944983,0
7/12/21,3.0699590552616582,0
7/13/21,3.542888570120541,0
7/14/21,2.2261039912486074,0
7/15/21,3.8075725967500564,0
7/16/21,4.323420543412924,0
7/17/21,3.9362811755120415,0
7/18/21,3.744013777206156,0
7/19/21,2.900382474841829,0
7/20/21,2.7991672251720576,0
7/21/21,3.4155285742887878,0
7/22/21,3.0528593425259354,0
7/23/21,3.9236439921715442,0
7/24/21,3.6606045125202713,0
7/25/21,3.3173834083817217,0
7/26/21,4.14991233539333,0
7/27/21,3.6257459509292707,0
7/28/21,3.8367547950273617,0
7/29/21,4.4427693962466055,0
7/30/21,3.8847371005572273,0
7/31/21,3.6947211316999926,0
8/1/21,3.4965951613659745,0
8/2/21,3.9678280194129347,0
8/3/21,4.724296176788096,0
8/4/21,5.368715111962824,0
8/5/21,5.273960944927372,0
8/6/21,5.0202192100167355,0
8/7/21,5.264429675926938,0
8/8/21,5.680560408225301,0
8/9/21,6.383462142548659,0
8/10/21,5.223156221212193,0
8/11/21,4.518001582147446,0
8/12/21,4.303215574393384,0
8/13/21,4.589226371586693,0
8/14/21,4.844965065358081,0
8/15/21,4.65552007180924,0
8/16/21,5.263076144922523,0
8/17/21,4.714467005802962,0
8/18/21,4.163840964933905,0
8/19/21,5.878289082494665,0
8/20/21,6.116300306414109,0
8/21/21,5.618407168693763,0
8/22/21,5.494920464947207,0
8/23/21,5.923488222394989,0
8/24/21,6.211751956821844,0
8/25/21,4.970434675554161,0
8/26/21,4.6229577797965185,0
8/27/21,4.993677703016119,0
8/28/21,5.305403670944153,0
8/29/21,5.506087130560204,0
8/30/21,4.8485874900371595,0
8/31/21,4.128844565604826,0
9/1/21,4.567809409537416,0
9/2/21,3.8799932481852353,0
9/3/21,3.942141701594408,0
9/4/21,4.052814176504519,0
9/5/21,4.890594109180617,0
9/6/21,5.214890347778562,0
9/7/21,4.860824953686184,0
9/8/21,5.1246795108505,0
9/9/21,4.653489999026621,0
9/10/21,4.630051018368248,0
9/11/21,5.268472602315669,0
9/12/21,4.759248802716637,0
9/13/21,5.182598308512581,0
9/14/21,5.722380114644215,0
9/15/21,6.023344869670279,0
9/16/21,5.166286223606223,0
9/17/21,5.523703528767678,0
9/18/21,5.201083750627329,0
9/19/21,3.646381266193265,0
9/20/21,6.943613266505542,0
9/21/21,6.370532109973122,0
9/22/21,5.761471612195039,0
9/23/21,5.1589679256738705,0
9/24/21,5.639592184213482,0
9/25/21,4.471216282090843,0
9/26/21,4.800160827564623,0
9/27/21,4.684438676769019,0
9/28/21,4.955252910893188,0
9/29/21,5.290040201732568,0
9/30/21,6.062748542602224,0
10/1/21,5.8931529724238025,0
10/2/21,4.9440279900071005,0
10/3/21,4.789638062533714,0
10/4/21,4.4475695281721,0
10/5/21,5.259953857815212,0
10/6/21,4.034167267490178,0
10/7/21,3.1792254473851727,0
10/8/21,4.177421394094087,0
10/9/21,5.52057620984735,0
10/10/21,6.109601888520298,0
10/11/21,4.741197083428929,0
10/12/21,7.3370282331874375,0
10/13/21,5.020515653613637,0
10/14/21,4.859172657016772,0
10/15/21,6.357386764796549,0
10/16/21,4.811057570247672,0
10/17/21,4.674504261310734,0
10/18/21,5.532495914335746,0
10/19/21,5.555631131852862,0
10/20/21,4.508995905283083,0
10/21/21,4.14956970482563,0
10/22/21,4.222909868040896,0
10/23/21,4.204128130452022,0
10/24/21,4.673550891091782,0
10/25/21,4.189102154532362,0
10/26/21,8.02470733848358,0
10/27/21,4.7462637280793505,0
10/28/21,3.5134459925934634,0
10/29/21,3.725094618533935,0
10/30/21,3.195774443989987,0
10/31/21,3.6676970313022568,0
11/1/21,3.6358971911405846,0
11/2/21,3.775275002325592,0
11/3/21,3.4748866987923432,0
11/4/21,3.841005028622798,0
11/5/21,3.734398348023657,0
11/6/21,3.7709317929275703,0
11/7/21,3.7500991732940707,0
11/8/21,3.8497342451531544,0
11/9/21,3.8343777214786283,0
11/10/21,3.557754235576347,0
11/11/21,4.405948397651952,0
11/12/21,3.380465846748665,0
11/13/21,3.1530164008690553,0
11/14/21,3.017580753790327,0
11/15/21,3.3387611936654342,0
11/16/21,3.122327096330175,0
11/17/21,3.983718183610091,0
11/18/21,4.433483342662352,0
11/19/21,3.624688232877376,0
11/20/21,3.219586990634548,0
11/21/21,4.183836108181864,0
11/22/21,3.975515430030972,0
11/23/21,3.62529472199176,0
11/24/21,3.8664716413727063,0
11/25/21,4.367341841196302,0
11/26/21,3.818822252006222,0
11/27/21,3.193685559933132,0
11/28/21,3.020806432232949,0
11/29/21,2.9281105996831416,0
11/30/21,3.1344746577881173,0
12/1/21,3.098742592376602,0
12/2/21,2.8994601496668944,0
12/3/21,3.197132196222267,0
12/4/21,3.1740542740279785,0
12/5/21,2.878881138561289,0
12/6/21,2.9273563246935486,0
12/7/21,2.914684645940845,0
12/8/21,2.7546557280705084,0
12/9/21,3.511183884310151,0
12/10/21,5.0869651648688095,0
12/11/21,3.4212503314439133,0
12/12/21,2.6427959486419366,0
12/13/21,2.755103532293463,0
12/14/21,2.756394037196741,0
12/15/21,5.800351850893314,0
12/16/21,2.8921968806022957,0
12/17/21,2.64182940658019,0
12/18/21,2.856544456971119,0
12/19/21,2.679530227167181,0
12/20/21,2.4925507763034775,0
12/21/21,2.5392638601128517,0
12/22/21,2.4477394207923897,0
12/23/21,2.2786882130625417,0
12/24/21,2.7914186917793846,0
12/25/21,2.8432064535532553,0
12/26/21,4.785647288133074,0
12/27/21,2.9814705922833,0
12/28/21,3.885807638078568,0
12/29/21,2.912072102434337,0
12/30/21,2.6614592628863356,0
12/31/21,3.6038690634536836,0
